id_venda,filial,cidade,tipo_cliente,genero,linha_produto,preco_unitario,quantidade,imposto,valor_total,data_venda,hora_venda,forma_pagamento,custo_mercadoria,margem_percentual,receita_bruta,avaliacao,mes,dia_semana,hora,faixa_valor,total_confere
750-67-8428,Alex,Yangon,Member,Female,Health and beauty,74.69,7,26.14,548.97,2019-01-05,13:08:00,Ewallet,522.83,4.76,26.14,9.1,1,Sábado,13,Muito alto,True
226-31-3081,Giza,Naypyitaw,Normal,Female,Electronic accessories,15.28,5,3.82,80.22,2019-03-08,10:29:00,Cash,76.4,4.76,3.82,9.6,3,Sexta-feira,10,Baixo,True
631-41-3108,Alex,Yangon,Normal,Female,Home and lifestyle,46.33,7,16.22,340.53,2019-03-03,13:23:00,Credit card,324.31,4.76,16.22,7.4,3,Domingo,13,Alto,True
123-19-1176,Alex,Yangon,Member,Female,Health and beauty,58.22,8,23.29,489.05,2019-01-27,20:33:00,Ewallet,465.76,4.76,23.29,8.4,1,Domingo,20,Muito alto,True
373-73-7910,Alex,Yangon,Member,Female,Sports and travel,86.31,7,30.21,634.38,2019-02-08,10:37:00,Ewallet,604.17,4.76,30.21,5.3,2,Sexta-feira,10,Muito alto,True
699-14-3026,Giza,Naypyitaw,Member,Female,Electronic accessories,85.39,7,29.89,627.62,2019-03-25,18:30:00,Ewallet,597.73,4.76,29.89,4.1,3,Segunda-feira,18,Muito alto,True
355-53-5943,Alex,Yangon,Member,Female,Electronic accessories,68.84,6,20.65,433.69,2019-02-25,14:36:00,Ewallet,413.04,4.76,20.65,5.8,2,Segunda-feira,14,Alto,True
315-22-5665,Giza,Naypyitaw,Member,Female,Home and lifestyle,73.56,10,36.78,772.38,2019-02-24,11:38:00,Ewallet,735.6,4.76,36.78,8.0,2,Domingo,11,Muito alto,True
665-32-9167,Alex,Yangon,Member,Female,Health and beauty,36.26,2,3.63,76.15,2019-01-10,17:15:00,Credit card,72.52,4.76,3.63,7.2,1,Quinta-feira,17,Baixo,True
692-92-5582,Cairo,Mandalay,Member,Female,Food and beverages,54.84,3,8.23,172.75,2019-02-20,13:27:00,Credit card,164.52,4.76,8.23,5.9,2,Quarta-feira,13,Médio,True
351-62-0822,Cairo,Mandalay,Member,Female,Fashion accessories,14.48,4,2.9,60.82,2019-02-06,18:07:00,Ewallet,57.92,4.76,2.9,4.5,2,Quarta-feira,18,Baixo,True
529-56-3974,Cairo,Mandalay,Member,Female,Electronic accessories,25.51,4,5.1,107.14,2019-03-09,17:03:00,Cash,102.04,4.76,5.1,6.8,3,Sábado,17,Baixo,True
365-64-0515,Alex,Yangon,Member,Female,Electronic accessories,46.95,5,11.74,246.49,2019-02-12,10:25:00,Ewallet,234.75,4.76,11.74,7.1,2,Terça-feira,10,Médio,True
252-56-2699,Alex,Yangon,Member,Female,Food and beverages,43.19,10,21.6,453.5,2019-02-07,16:48:00,Ewallet,431.9,4.76,21.6,8.2,2,Quinta-feira,16,Alto,True
829-34-3910,Alex,Yangon,Member,Female,Health and beauty,71.38,10,35.69,749.49,2019-03-29,19:21:00,Cash,713.8,4.76,35.69,5.7,3,Sexta-feira,19,Muito alto,True
299-46-1805,Cairo,Mandalay,Member,Female,Sports and travel,93.72,6,28.12,590.44,2019-01-15,16:19:00,Cash,562.32,4.76,28.12,4.5,1,Terça-feira,16,Muito alto,True
656-95-9349,Alex,Yangon,Member,Female,Health and beauty,68.93,7,24.13,506.64,2019-03-11,11:03:00,Credit card,482.51,4.76,24.13,4.6,3,Segunda-feira,11,Muito alto,True
765-26-6951,Alex,Yangon,Member,Female,Sports and travel,72.61,6,21.78,457.44,2019-01-01,10:39:00,Credit card,435.66,4.76,21.78,6.9,1,Terça-feira,10,Alto,True
329-62-1586,Alex,Yangon,Member,Female,Food and beverages,54.67,3,8.2,172.21,2019-01-21,18:00:00,Credit card,164.01,4.76,8.2,8.6,1,Segunda-feira,18,Médio,True
319-50-3348,Cairo,Mandalay,Member,Female,Home and lifestyle,40.3,2,4.03,84.63,2019-03-11,15:30:00,Ewallet,80.6,4.76,4.03,4.4,3,Segunda-feira,15,Baixo,True
300-71-4605,Giza,Naypyitaw,Member,Female,Electronic accessories,86.04,5,21.51,451.71,2019-02-25,11:24:00,Ewallet,430.2,4.76,21.51,4.8,2,Segunda-feira,11,Alto,True
371-85-5789,Cairo,Mandalay,Member,Female,Health and beauty,87.98,3,13.2,277.14,2019-03-05,10:40:00,Ewallet,263.94,4.76,13.2,5.1,3,Terça-feira,10,Alto,True
273-16-6619,Cairo,Mandalay,Member,Female,Home and lifestyle,33.2,2,3.32,69.72,2019-03-15,12:20:00,Credit card,66.4,4.76,3.32,4.4,3,Sexta-feira,12,Baixo,True
636-48-8204,Alex,Yangon,Member,Female,Electronic accessories,34.56,5,8.64,181.44,2019-02-17,11:15:00,Ewallet,172.8,4.76,8.64,9.9,2,Domingo,11,Médio,True
549-59-1358,Alex,Yangon,Member,Female,Sports and travel,88.63,3,13.29,279.18,2019-03-02,17:36:00,Ewallet,265.89,4.76,13.29,6.0,3,Sábado,17,Alto,True
227-03-5010,Alex,Yangon,Member,Female,Home and lifestyle,52.59,8,21.04,441.76,2019-03-22,19:20:00,Credit card,420.72,4.76,21.04,8.5,3,Sexta-feira,19,Alto,True
649-29-6775,Cairo,Mandalay,Member,Female,Fashion accessories,33.52,1,1.68,35.2,2019-02-08,15:31:00,Cash,33.52,4.76,1.68,6.7,2,Sexta-feira,15,Baixo,True
189-17-4241,Alex,Yangon,Member,Female,Fashion accessories,87.67,2,8.77,184.11,2019-03-10,12:17:00,Credit card,175.34,4.76,8.77,7.7,3,Domingo,12,Médio,True
145-94-9061,Cairo,Mandalay,Member,Female,Food and beverages,88.36,5,22.09,463.89,2019-01-25,19:48:00,Cash,441.8,4.76,22.09,9.6,1,Sexta-feira,19,Alto,True
848-62-7243,Alex,Yangon,Member,Female,Health and beauty,24.89,9,11.2,235.21,2019-03-15,15:36:00,Cash,224.01,4.76,11.2,7.4,3,Sexta-feira,15,Médio,True
871-79-8483,Cairo,Mandalay,Member,Female,Fashion accessories,94.13,5,23.53,494.18,2019-02-25,19:39:00,Credit card,470.65,4.76,23.53,4.8,2,Segunda-feira,19,Muito alto,True
149-71-6266,Cairo,Mandalay,Member,Female,Sports and travel,78.07,9,35.13,737.76,2019-01-28,12:43:00,Cash,702.63,4.76,35.13,4.5,1,Segunda-feira,12,Muito alto,True
640-49-2076,Cairo,Mandalay,Member,Female,Sports and travel,83.78,8,33.51,703.75,2019-01-10,14:49:00,Cash,670.24,4.76,33.51,5.1,1,Quinta-feira,14,Muito alto,True
595-11-5460,Alex,Yangon,Member,Female,Health and beauty,96.58,2,9.66,202.82,2019-03-15,10:12:00,Credit card,193.16,4.76,9.66,5.1,3,Sexta-feira,10,Médio,True
183-56-6882,Giza,Naypyitaw,Member,Female,Food and beverages,99.42,4,19.88,417.56,2019-02-06,10:42:00,Ewallet,397.68,4.76,19.88,7.5,2,Quarta-feira,10,Alto,True
232-16-2483,Giza,Naypyitaw,Member,Female,Sports and travel,68.12,1,3.41,71.53,2019-01-07,12:28:00,Ewallet,68.12,4.76,3.41,6.8,1,Segunda-feira,12,Baixo,True
129-29-8530,Alex,Yangon,Member,Female,Sports and travel,62.62,5,15.66,328.76,2019-03-10,19:15:00,Ewallet,313.1,4.76,15.66,7.0,3,Domingo,19,Alto,True
272-65-1806,Alex,Yangon,Member,Female,Electronic accessories,60.88,9,27.4,575.32,2019-01-15,17:17:00,Ewallet,547.92,4.76,27.4,4.7,1,Terça-feira,17,Muito alto,True
333-73-7901,Giza,Naypyitaw,Member,Female,Health and beauty,54.92,8,21.97,461.33,2019-03-23,13:24:00,Ewallet,439.36,4.76,21.97,7.6,3,Sábado,13,Alto,True
777-82-7220,Cairo,Mandalay,Member,Female,Home and lifestyle,30.12,8,12.05,253.01,2019-03-03,13:01:00,Cash,240.96,4.76,12.05,7.7,3,Domingo,13,Médio,True
280-35-5823,Cairo,Mandalay,Member,Female,Home and lifestyle,86.72,1,4.34,91.06,2019-01-17,18:45:00,Ewallet,86.72,4.76,4.34,7.9,1,Quinta-feira,18,Baixo,True
554-53-8700,Giza,Naypyitaw,Member,Female,Home and lifestyle,56.11,2,5.61,117.83,2019-02-02,10:11:00,Cash,112.22,4.76,5.61,6.3,2,Sábado,10,Baixo,True
354-25-5821,Cairo,Mandalay,Member,Female,Sports and travel,69.12,6,20.74,435.46,2019-02-08,13:03:00,Cash,414.72,4.76,20.74,5.6,2,Sexta-feira,13,Alto,True
228-96-1411,Giza,Naypyitaw,Member,Female,Food and beverages,98.7,8,39.48,829.08,2019-03-04,20:39:00,Cash,789.6,4.76,39.48,7.6,3,Segunda-feira,20,Muito alto,True
617-15-4209,Giza,Naypyitaw,Member,Female,Health and beauty,15.37,2,1.54,32.28,2019-03-16,19:47:00,Cash,30.74,4.76,1.54,7.2,3,Sábado,19,Baixo,True
132-32-9879,Cairo,Mandalay,Member,Female,Electronic accessories,93.96,4,18.79,394.63,2019-03-09,18:00:00,Cash,375.84,4.76,18.79,9.5,3,Sábado,18,Alto,True
370-41-7321,Cairo,Mandalay,Member,Female,Health and beauty,56.69,9,25.51,535.72,2019-02-27,17:24:00,Credit card,510.21,4.76,25.51,8.4,2,Quarta-feira,17,Muito alto,True
727-46-3608,Cairo,Mandalay,Member,Female,Food and beverages,20.01,9,9.0,189.09,2019-02-06,15:47:00,Ewallet,180.09,4.76,9.0,4.1,2,Quarta-feira,15,Médio,True
669-54-1719,Cairo,Mandalay,Member,Female,Electronic accessories,18.93,6,5.68,119.26,2019-02-10,12:45:00,Credit card,113.58,4.76,5.68,8.1,2,Domingo,12,Baixo,True
574-22-5561,Giza,Naypyitaw,Member,Female,Fashion accessories,82.63,10,41.32,867.62,2019-03-19,17:08:00,Ewallet,826.3,4.76,41.32,7.9,3,Terça-feira,17,Muito alto,True
326-78-5178,Giza,Naypyitaw,Member,Female,Food and beverages,91.4,7,31.99,671.79,2019-02-03,10:19:00,Cash,639.8,4.76,31.99,9.5,2,Domingo,10,Muito alto,True
162-48-8011,Alex,Yangon,Member,Female,Food and beverages,44.59,5,11.15,234.1,2019-02-10,15:10:00,Cash,222.95,4.76,11.15,8.5,2,Domingo,15,Médio,True
616-24-2851,Cairo,Mandalay,Member,Female,Fashion accessories,17.87,4,3.57,75.05,2019-03-22,14:42:00,Ewallet,71.48,4.76,3.57,6.5,3,Sexta-feira,14,Baixo,True
778-71-5554,Giza,Naypyitaw,Member,Female,Fashion accessories,15.43,1,0.77,16.2,2019-01-25,15:46:00,Credit card,15.43,4.76,0.77,6.1,1,Sexta-feira,15,Baixo,True
242-55-6721,Cairo,Mandalay,Member,Female,Home and lifestyle,16.16,2,1.62,33.94,2019-03-07,11:49:00,Ewallet,32.32,4.76,1.62,6.5,3,Quinta-feira,11,Baixo,True
399-46-5918,Giza,Naypyitaw,Member,Female,Electronic accessories,85.98,8,34.39,722.23,2019-02-28,19:01:00,Cash,687.84,4.76,34.39,8.2,2,Quinta-feira,19,Muito alto,True
106-35-6779,Alex,Yangon,Member,Female,Home and lifestyle,44.34,2,4.43,93.11,2019-03-27,11:26:00,Cash,88.68,4.76,4.43,5.8,3,Quarta-feira,11,Baixo,True
635-40-6220,Alex,Yangon,Member,Female,Health and beauty,89.6,8,35.84,752.64,2019-02-07,11:28:00,Ewallet,716.8,4.76,35.84,6.6,2,Quinta-feira,11,Muito alto,True
817-48-8732,Alex,Yangon,Member,Female,Home and lifestyle,72.35,10,36.17,759.68,2019-01-20,15:55:00,Cash,723.5,4.76,36.17,5.4,1,Domingo,15,Muito alto,True
120-06-4233,Giza,Naypyitaw,Member,Female,Electronic accessories,30.61,6,9.18,192.84,2019-03-12,20:36:00,Cash,183.66,4.76,9.18,9.3,3,Terça-feira,20,Médio,True
285-68-5083,Giza,Naypyitaw,Member,Female,Sports and travel,24.74,3,3.71,77.93,2019-02-15,17:47:00,Credit card,74.22,4.76,3.71,10.0,2,Sexta-feira,17,Baixo,True
803-83-5989,Giza,Naypyitaw,Member,Female,Home and lifestyle,55.73,6,16.72,351.1,2019-02-24,10:55:00,Ewallet,334.38,4.76,16.72,7.0,2,Domingo,10,Alto,True
347-34-2234,Cairo,Mandalay,Member,Female,Sports and travel,55.07,9,24.78,520.41,2019-02-03,13:40:00,Ewallet,495.63,4.76,24.78,10.0,2,Domingo,13,Muito alto,True
199-75-8169,Alex,Yangon,Member,Female,Sports and travel,15.81,10,7.9,166.0,2019-03-06,12:27:00,Credit card,158.1,4.76,7.9,8.6,3,Quarta-feira,12,Médio,True
853-23-2453,Cairo,Mandalay,Member,Female,Health and beauty,75.74,4,15.15,318.11,2019-02-14,14:35:00,Cash,302.96,4.76,15.15,7.6,2,Quinta-feira,14,Alto,True
877-22-3308,Alex,Yangon,Member,Female,Health and beauty,15.87,10,7.94,166.64,2019-03-13,16:40:00,Cash,158.7,4.76,7.94,5.8,3,Quarta-feira,16,Médio,True
838-78-4295,Giza,Naypyitaw,Member,Female,Health and beauty,33.47,2,3.35,70.29,2019-02-10,15:43:00,Ewallet,66.94,4.76,3.35,6.7,2,Domingo,15,Baixo,True
109-28-2512,Cairo,Mandalay,Member,Female,Fashion accessories,97.61,6,29.28,614.94,2019-01-07,15:01:00,Ewallet,585.66,4.76,29.28,9.9,1,Segunda-feira,15,Muito alto,True
232-11-3025,Alex,Yangon,Member,Female,Sports and travel,78.77,10,39.38,827.08,2019-01-24,10:04:00,Cash,787.7,4.76,39.38,6.4,1,Quinta-feira,10,Muito alto,True
382-03-4532,Alex,Yangon,Member,Female,Health and beauty,18.33,1,0.92,19.25,2019-02-02,18:50:00,Cash,18.33,4.76,0.92,4.3,2,Sábado,18,Baixo,True
393-65-2792,Giza,Naypyitaw,Member,Female,Food and beverages,89.48,10,44.74,939.54,2019-01-06,12:46:00,Credit card,894.8,4.76,44.74,9.6,1,Domingo,12,Muito alto,True
796-12-2025,Giza,Naypyitaw,Member,Female,Fashion accessories,62.12,10,31.06,652.26,2019-02-11,16:19:00,Cash,621.2,4.76,31.06,5.9,2,Segunda-feira,16,Muito alto,True
510-95-6347,Cairo,Mandalay,Member,Female,Food and beverages,48.52,3,7.28,152.84,2019-03-05,18:17:00,Ewallet,145.56,4.76,7.28,4.0,3,Terça-feira,18,Médio,True
841-35-6630,Giza,Naypyitaw,Member,Female,Electronic accessories,75.91,6,22.77,478.23,2019-03-09,18:21:00,Cash,455.46,4.76,22.77,8.7,3,Sábado,18,Muito alto,True
287-21-9091,Alex,Yangon,Member,Female,Home and lifestyle,74.67,9,33.6,705.63,2019-01-22,10:55:00,Ewallet,672.03,4.76,33.6,9.4,1,Terça-feira,10,Muito alto,True
732-94-0499,Giza,Naypyitaw,Member,Female,Electronic accessories,41.65,10,20.82,437.32,2019-01-13,17:04:00,Credit card,416.5,4.76,20.82,5.4,1,Domingo,17,Alto,True
263-10-3913,Giza,Naypyitaw,Member,Female,Fashion accessories,49.04,9,22.07,463.43,2019-01-09,14:20:00,Credit card,441.36,4.76,22.07,8.6,1,Quarta-feira,14,Alto,True
381-20-0914,Alex,Yangon,Member,Female,Fashion accessories,20.01,9,9.0,189.09,2019-01-12,15:48:00,Credit card,180.09,4.76,9.0,5.7,1,Sábado,15,Médio,True
829-49-1914,Giza,Naypyitaw,Member,Female,Food and beverages,78.31,10,39.16,822.26,2019-03-05,16:24:00,Ewallet,783.1,4.76,39.16,6.6,3,Terça-feira,16,Muito alto,True
756-01-7507,Giza,Naypyitaw,Member,Female,Health and beauty,20.38,5,5.1,107.0,2019-01-22,18:56:00,Cash,101.9,4.76,5.1,6.0,1,Terça-feira,18,Baixo,True
870-72-4431,Giza,Naypyitaw,Member,Female,Health and beauty,99.19,6,29.76,624.9,2019-01-21,14:42:00,Credit card,595.14,4.76,29.76,5.5,1,Segunda-feira,14,Muito alto,True
847-38-7188,Cairo,Mandalay,Member,Female,Food and beverages,96.68,3,14.5,304.54,2019-01-26,19:56:00,Ewallet,290.04,4.76,14.5,6.4,1,Sábado,19,Alto,True
480-63-2856,Giza,Naypyitaw,Member,Female,Food and beverages,19.25,8,7.7,161.7,2019-01-23,18:37:00,Ewallet,154.0,4.76,7.7,6.6,1,Quarta-feira,18,Médio,True
787-56-0757,Giza,Naypyitaw,Member,Female,Food and beverages,80.36,4,16.07,337.51,2019-02-23,18:45:00,Credit card,321.44,4.76,16.07,8.3,2,Sábado,18,Alto,True
360-39-5055,Giza,Naypyitaw,Member,Female,Sports and travel,48.91,5,12.23,256.78,2019-03-09,10:17:00,Cash,244.55,4.76,12.23,6.6,3,Sábado,10,Alto,True
730-50-9884,Giza,Naypyitaw,Member,Female,Sports and travel,83.06,7,29.07,610.49,2019-03-05,14:31:00,Ewallet,581.42,4.76,29.07,4.0,3,Terça-feira,14,Muito alto,True
362-58-8315,Giza,Naypyitaw,Member,Female,Fashion accessories,76.52,5,19.13,401.73,2019-03-25,10:23:00,Cash,382.6,4.76,19.13,9.9,3,Segunda-feira,10,Alto,True
633-44-8566,Alex,Yangon,Member,Female,Food and beverages,49.38,7,17.28,362.94,2019-03-27,20:35:00,Credit card,345.66,4.76,17.28,7.3,3,Quarta-feira,20,Alto,True
504-35-8843,Alex,Yangon,Member,Female,Sports and travel,42.47,1,2.12,44.59,2019-01-02,16:57:00,Cash,42.47,4.76,2.12,5.7,1,Quarta-feira,16,Baixo,True
318-68-5053,Cairo,Mandalay,Member,Female,Health and beauty,76.99,6,23.1,485.04,2019-02-27,17:55:00,Cash,461.94,4.76,23.1,6.1,2,Quarta-feira,17,Muito alto,True
565-80-5980,Giza,Naypyitaw,Member,Female,Home and lifestyle,47.38,4,9.48,199.0,2019-01-23,10:25:00,Cash,189.52,4.76,9.48,7.1,1,Quarta-feira,10,Médio,True
225-32-0908,Giza,Naypyitaw,Member,Female,Sports and travel,44.86,10,22.43,471.03,2019-01-26,19:54:00,Ewallet,448.6,4.76,22.43,8.2,1,Sábado,19,Alto,True
873-51-0671,Alex,Yangon,Member,Female,Sports and travel,21.98,7,7.69,161.55,2019-01-10,16:42:00,Ewallet,153.86,4.76,7.69,5.1,1,Quinta-feira,16,Médio,True
152-08-9985,Cairo,Mandalay,Member,Female,Health and beauty,64.36,9,28.96,608.2,2019-03-12,12:09:00,Credit card,579.24,4.76,28.96,8.6,3,Terça-feira,12,Muito alto,True
512-91-0811,Giza,Naypyitaw,Member,Female,Health and beauty,89.75,1,4.49,94.24,2019-02-06,20:05:00,Credit card,89.75,4.76,4.49,6.6,2,Quarta-feira,20,Baixo,True
594-34-4444,Alex,Yangon,Member,Female,Electronic accessories,97.16,1,4.86,102.02,2019-03-08,20:38:00,Ewallet,97.16,4.76,4.86,7.2,3,Sexta-feira,20,Baixo,True
766-85-7061,Cairo,Mandalay,Member,Female,Health and beauty,87.87,10,43.94,922.64,2019-03-29,10:25:00,Ewallet,878.7,4.76,43.94,5.1,3,Sexta-feira,10,Muito alto,True
871-39-9221,Giza,Naypyitaw,Member,Female,Electronic accessories,12.45,6,3.74,78.44,2019-02-09,13:11:00,Cash,74.7,4.76,3.74,4.1,2,Sábado,13,Baixo,True
865-92-6136,Alex,Yangon,Member,Female,Food and beverages,52.75,3,7.91,166.16,2019-03-23,10:16:00,Ewallet,158.25,4.76,7.91,9.3,3,Sábado,10,Médio,True
733-01-9107,Cairo,Mandalay,Member,Female,Home and lifestyle,82.7,6,24.81,521.01,2019-03-05,18:14:00,Cash,496.2,4.76,24.81,7.4,3,Terça-feira,18,Muito alto,True
163-56-7055,Giza,Naypyitaw,Member,Female,Fashion accessories,48.71,1,2.44,51.15,2019-03-26,19:20:00,Cash,48.71,4.76,2.44,4.1,3,Terça-feira,19,Baixo,True
189-98-2939,Giza,Naypyitaw,Member,Female,Fashion accessories,78.55,9,35.35,742.3,2019-03-01,13:22:00,Cash,706.95,4.76,35.35,7.2,3,Sexta-feira,13,Muito alto,True
551-21-3069,Giza,Naypyitaw,Member,Female,Electronic accessories,23.07,9,10.38,218.01,2019-02-01,11:27:00,Cash,207.63,4.76,10.38,4.9,2,Sexta-feira,11,Médio,True
212-62-1842,Alex,Yangon,Member,Female,Food and beverages,58.26,6,17.48,367.04,2019-03-28,16:44:00,Cash,349.56,4.76,17.48,9.9,3,Quinta-feira,16,Alto,True
716-39-1409,Cairo,Mandalay,Member,Female,Health and beauty,30.35,7,10.62,223.07,2019-03-19,18:19:00,Cash,212.45,4.76,10.62,8.0,3,Terça-feira,18,Médio,True
704-48-3927,Alex,Yangon,Member,Female,Electronic accessories,88.67,10,44.34,931.04,2019-01-12,14:50:00,Ewallet,886.7,4.76,44.34,7.3,1,Sábado,14,Muito alto,True
628-34-3388,Giza,Naypyitaw,Member,Female,Fashion accessories,27.38,6,8.21,172.49,2019-01-05,20:54:00,Credit card,164.28,4.76,8.21,7.9,1,Sábado,20,Médio,True
630-74-5166,Alex,Yangon,Member,Female,Sports and travel,62.13,6,18.64,391.42,2019-03-22,20:19:00,Cash,372.78,4.76,18.64,7.4,3,Sexta-feira,20,Alto,True
588-01-7461,Giza,Naypyitaw,Member,Female,Food and beverages,33.98,9,15.29,321.11,2019-03-24,10:43:00,Cash,305.82,4.76,15.29,4.2,3,Domingo,10,Alto,True
861-77-0145,Giza,Naypyitaw,Member,Female,Electronic accessories,81.97,10,40.98,860.68,2019-03-03,14:30:00,Cash,819.7,4.76,40.98,9.2,3,Domingo,14,Muito alto,True
479-26-8945,Cairo,Mandalay,Member,Female,Sports and travel,16.49,2,1.65,34.63,2019-02-05,11:32:00,Ewallet,32.98,4.76,1.65,4.6,2,Terça-feira,11,Baixo,True
210-67-5886,Giza,Naypyitaw,Member,Female,Health and beauty,98.21,3,14.73,309.36,2019-02-05,10:41:00,Credit card,294.63,4.76,14.73,7.8,2,Terça-feira,10,Alto,True
227-78-1148,Cairo,Mandalay,Member,Female,Fashion accessories,72.84,7,25.49,535.37,2019-02-15,12:44:00,Cash,509.88,4.76,25.49,8.4,2,Sexta-feira,12,Muito alto,True
645-44-1170,Alex,Yangon,Member,Female,Home and lifestyle,58.07,9,26.13,548.76,2019-01-19,20:07:00,Ewallet,522.63,4.76,26.13,4.3,1,Sábado,20,Muito alto,True
237-01-6122,Giza,Naypyitaw,Member,Female,Home and lifestyle,80.79,9,36.36,763.47,2019-02-01,20:31:00,Credit card,727.11,4.76,36.36,9.5,2,Sexta-feira,20,Muito alto,True
225-98-1496,Giza,Naypyitaw,Member,Female,Fashion accessories,27.02,3,4.05,85.11,2019-03-02,13:01:00,Credit card,81.06,4.76,4.05,7.1,3,Sábado,13,Baixo,True
291-32-1427,Cairo,Mandalay,Member,Female,Fashion accessories,21.94,5,5.48,115.18,2019-03-05,12:29:00,Ewallet,109.7,4.76,5.48,5.3,3,Terça-feira,12,Baixo,True
659-65-8956,Cairo,Mandalay,Member,Female,Fashion accessories,51.36,1,2.57,53.93,2019-01-16,15:26:00,Ewallet,51.36,4.76,2.57,5.2,1,Quarta-feira,15,Baixo,True
642-32-2990,Alex,Yangon,Member,Female,Food and beverages,10.96,10,5.48,115.08,2019-02-02,20:48:00,Ewallet,109.6,4.76,5.48,6.0,2,Sábado,20,Baixo,True
378-24-2715,Cairo,Mandalay,Member,Female,Home and lifestyle,53.44,2,5.34,112.22,2019-01-20,20:38:00,Ewallet,106.88,4.76,5.34,4.1,1,Domingo,20,Baixo,True
638-60-7125,Alex,Yangon,Member,Female,Electronic accessories,99.56,8,39.82,836.3,2019-02-14,17:03:00,Credit card,796.48,4.76,39.82,5.2,2,Quinta-feira,17,Muito alto,True
659-36-1684,Giza,Naypyitaw,Member,Female,Sports and travel,57.12,7,19.99,419.83,2019-01-12,12:02:00,Credit card,399.84,4.76,19.99,6.5,1,Sábado,12,Alto,True
219-22-9386,Cairo,Mandalay,Member,Female,Sports and travel,99.96,9,44.98,944.62,2019-03-09,17:26:00,Credit card,899.64,4.76,44.98,4.2,3,Sábado,17,Muito alto,True
336-78-2147,Giza,Naypyitaw,Member,Female,Home and lifestyle,63.91,8,25.56,536.84,2019-03-13,19:52:00,Credit card,511.28,4.76,25.56,4.6,3,Quarta-feira,19,Muito alto,True
268-27-6179,Cairo,Mandalay,Member,Female,Fashion accessories,56.47,8,22.59,474.35,2019-03-09,14:57:00,Ewallet,451.76,4.76,22.59,7.3,3,Sábado,14,Muito alto,True
668-90-8900,Alex,Yangon,Member,Female,Home and lifestyle,93.69,7,32.79,688.62,2019-03-10,18:44:00,Credit card,655.83,4.76,32.79,4.5,3,Domingo,18,Muito alto,True
870-54-3162,Alex,Yangon,Member,Female,Sports and travel,32.25,5,8.06,169.31,2019-01-27,13:26:00,Cash,161.25,4.76,8.06,9.0,1,Domingo,13,Médio,True
189-08-9157,Giza,Naypyitaw,Member,Female,Fashion accessories,31.73,9,14.28,299.85,2019-01-08,16:17:00,Credit card,285.57,4.76,14.28,5.9,1,Terça-feira,16,Alto,True
663-86-9076,Giza,Naypyitaw,Member,Female,Food and beverages,68.54,8,27.42,575.74,2019-01-08,15:57:00,Ewallet,548.32,4.76,27.42,8.5,1,Terça-feira,15,Muito alto,True
549-84-7482,Cairo,Mandalay,Member,Female,Sports and travel,90.28,9,40.63,853.15,2019-02-08,11:15:00,Ewallet,812.52,4.76,40.63,7.2,2,Sexta-feira,11,Muito alto,True
191-10-6171,Cairo,Mandalay,Normal,Female,Fashion accessories,39.62,7,13.87,291.21,2019-01-25,13:18:00,Cash,277.34,4.76,13.87,7.5,1,Sexta-feira,13,Alto,True
802-70-5316,Alex,Yangon,Member,Female,Sports and travel,92.13,6,27.64,580.42,2019-03-06,20:34:00,Cash,552.78,4.76,27.64,8.3,3,Quarta-feira,20,Muito alto,True
695-51-0018,Cairo,Mandalay,Normal,Female,Sports and travel,34.84,4,6.97,146.33,2019-02-10,18:36:00,Cash,139.36,4.76,6.97,7.4,2,Domingo,18,Médio,True
590-83-4591,Cairo,Mandalay,Member,Female,Electronic accessories,87.45,6,26.24,550.93,2019-02-17,14:40:00,Credit card,524.7,4.76,26.24,8.8,2,Domingo,14,Muito alto,True
483-71-1164,Giza,Naypyitaw,Normal,Female,Health and beauty,81.3,6,24.39,512.19,2019-03-08,16:43:00,Ewallet,487.8,4.76,24.39,5.3,3,Sexta-feira,16,Muito alto,True
597-78-7908,Giza,Naypyitaw,Normal,Female,Fashion accessories,90.22,3,13.53,284.19,2019-02-18,19:39:00,Cash,270.66,4.76,13.53,6.2,2,Segunda-feira,19,Alto,True
700-81-1757,Alex,Yangon,Normal,Female,Electronic accessories,26.31,5,6.58,138.13,2019-01-18,20:59:00,Credit card,131.55,4.76,6.58,8.8,1,Sexta-feira,20,Médio,True
354-39-5160,Alex,Yangon,Member,Female,Home and lifestyle,34.42,6,10.33,216.85,2019-02-18,15:39:00,Cash,206.52,4.76,10.33,9.8,2,Segunda-feira,15,Médio,True
241-72-9525,Cairo,Mandalay,Normal,Female,Sports and travel,51.91,10,25.96,545.05,2019-02-16,12:21:00,Cash,519.1,4.76,25.96,8.2,2,Sábado,12,Muito alto,True
575-30-8091,Alex,Yangon,Normal,Female,Sports and travel,72.5,8,29.0,609.0,2019-03-16,19:25:00,Ewallet,580.0,4.76,29.0,9.2,3,Sábado,19,Muito alto,True
731-81-9469,Giza,Naypyitaw,Member,Female,Sports and travel,89.8,10,44.9,942.9,2019-01-23,13:00:00,Credit card,898.0,4.76,44.9,5.4,1,Quarta-feira,13,Muito alto,True
280-17-4359,Giza,Naypyitaw,Member,Male,Health and beauty,90.5,10,45.25,950.25,2019-01-25,13:48:00,Cash,905.0,4.76,45.25,8.1,1,Sexta-feira,13,Muito alto,True
338-65-2210,Giza,Naypyitaw,Member,Female,Health and beauty,68.6,10,34.3,720.3,2019-02-05,19:57:00,Cash,686.0,4.76,34.3,9.1,2,Terça-feira,19,Muito alto,True
488-25-4221,Giza,Naypyitaw,Member,Female,Food and beverages,30.41,1,1.52,31.93,2019-02-22,10:36:00,Credit card,30.41,4.76,1.52,8.4,2,Sexta-feira,10,Baixo,True
239-10-7476,Alex,Yangon,Normal,Female,Home and lifestyle,77.95,6,23.38,491.08,2019-01-21,16:37:00,Ewallet,467.7,4.76,23.38,8.0,1,Segunda-feira,16,Muito alto,True
458-41-1477,Giza,Naypyitaw,Normal,Female,Health and beauty,46.26,6,13.88,291.44,2019-03-08,17:11:00,Credit card,277.56,4.76,13.88,9.5,3,Sexta-feira,17,Alto,True
685-64-1609,Alex,Yangon,Member,Female,Fashion accessories,30.14,10,15.07,316.47,2019-02-10,12:28:00,Ewallet,301.4,4.76,15.07,9.2,2,Domingo,12,Alto,True
568-90-5112,Giza,Naypyitaw,Normal,Male,Health and beauty,66.14,4,13.23,277.79,2019-03-19,12:46:00,Credit card,264.56,4.76,13.23,5.6,3,Terça-feira,12,Alto,True
262-47-2794,Cairo,Mandalay,Member,Male,Home and lifestyle,71.86,8,28.74,603.62,2019-03-06,15:07:00,Credit card,574.88,4.76,28.74,6.2,3,Quarta-feira,15,Muito alto,True
238-49-0436,Alex,Yangon,Normal,Male,Health and beauty,32.46,8,12.98,272.66,2019-03-27,13:48:00,Credit card,259.68,4.76,12.98,4.9,3,Quarta-feira,13,Alto,True
608-96-3517,Cairo,Mandalay,Member,Female,Fashion accessories,91.54,4,18.31,384.47,2019-03-23,19:20:00,Credit card,366.16,4.76,18.31,4.8,3,Sábado,19,Alto,True
584-86-7256,Giza,Naypyitaw,Member,Male,Sports and travel,34.56,7,12.1,254.02,2019-03-11,16:07:00,Credit card,241.92,4.76,12.1,7.3,3,Segunda-feira,16,Alto,True
746-94-0204,Alex,Yangon,Normal,Male,Fashion accessories,83.24,9,37.46,786.62,2019-01-29,11:56:00,Credit card,749.16,4.76,37.46,7.4,1,Terça-feira,11,Muito alto,True
214-17-6927,Giza,Naypyitaw,Normal,Female,Food and beverages,16.48,6,4.94,103.82,2019-02-07,18:23:00,Ewallet,98.88,4.76,4.94,9.9,2,Quinta-feira,18,Baixo,True
400-89-4171,Giza,Naypyitaw,Normal,Female,Sports and travel,80.97,8,32.39,680.15,2019-01-28,13:05:00,Cash,647.76,4.76,32.39,9.3,1,Segunda-feira,13,Muito alto,True
782-95-9291,Alex,Yangon,Member,Male,Food and beverages,92.29,5,23.07,484.52,2019-02-20,15:55:00,Credit card,461.45,4.76,23.07,9.0,2,Quarta-feira,15,Muito alto,True
279-74-2924,Cairo,Mandalay,Member,Male,Electronic accessories,72.17,1,3.61,75.78,2019-01-04,19:40:00,Cash,72.17,4.76,3.61,6.1,1,Sexta-feira,19,Baixo,True
307-85-2293,Cairo,Mandalay,Normal,Male,Home and lifestyle,50.28,5,12.57,263.97,2019-03-07,13:58:00,Ewallet,251.4,4.76,12.57,9.7,3,Quinta-feira,13,Alto,True
743-04-1105,Cairo,Mandalay,Member,Male,Health and beauty,97.22,9,43.75,918.73,2019-03-30,14:43:00,Ewallet,874.98,4.76,43.75,6.0,3,Sábado,14,Muito alto,True
423-57-2993,Cairo,Mandalay,Normal,Male,Sports and travel,93.39,6,28.02,588.36,2019-03-27,19:18:00,Ewallet,560.34,4.76,28.02,10.0,3,Quarta-feira,19,Muito alto,True
894-41-5205,Giza,Naypyitaw,Normal,Female,Food and beverages,43.18,8,17.27,362.71,2019-01-19,19:39:00,Credit card,345.44,4.76,17.27,8.3,1,Sábado,19,Alto,True
275-28-0149,Alex,Yangon,Normal,Male,Sports and travel,63.69,1,3.18,66.87,2019-02-25,16:21:00,Cash,63.69,4.76,3.18,6.0,2,Segunda-feira,16,Baixo,True
101-17-6199,Alex,Yangon,Normal,Male,Food and beverages,45.79,7,16.03,336.56,2019-03-13,19:44:00,Credit card,320.53,4.76,16.03,7.0,3,Quarta-feira,19,Alto,True
423-80-0988,Giza,Naypyitaw,Normal,Male,Sports and travel,76.4,2,7.64,160.44,2019-01-30,19:42:00,Ewallet,152.8,4.76,7.64,6.5,1,Quarta-feira,19,Médio,True
548-46-9322,Cairo,Mandalay,Normal,Male,Food and beverages,39.9,10,19.95,418.95,2019-02-20,15:24:00,Credit card,399.0,4.76,19.95,5.9,2,Quarta-feira,15,Alto,True
505-02-0892,Cairo,Mandalay,Member,Male,Health and beauty,42.57,8,17.03,357.59,2019-02-25,14:12:00,Ewallet,340.56,4.76,17.03,5.6,2,Segunda-feira,14,Alto,True
234-65-2137,Giza,Naypyitaw,Normal,Male,Home and lifestyle,95.58,10,47.79,1003.59,2019-01-16,13:32:00,Cash,955.8,4.76,47.79,4.8,1,Quarta-feira,13,Muito alto,True
687-47-8271,Alex,Yangon,Normal,Male,Fashion accessories,98.98,10,49.49,1039.29,2019-02-08,16:20:00,Credit card,989.8,4.76,49.49,8.7,2,Sexta-feira,16,Muito alto,True
796-32-9050,Alex,Yangon,Normal,Male,Food and beverages,51.28,6,15.38,323.06,2019-01-19,16:31:00,Cash,307.68,4.76,15.38,6.5,1,Sábado,16,Alto,True
105-31-1824,Alex,Yangon,Member,Male,Sports and travel,69.52,7,24.33,510.97,2019-02-01,15:10:00,Credit card,486.64,4.76,24.33,8.5,2,Sexta-feira,15,Muito alto,True
249-42-3782,Alex,Yangon,Normal,Male,Health and beauty,70.01,5,17.5,367.55,2019-01-03,11:36:00,Ewallet,350.05,4.76,17.5,5.5,1,Quinta-feira,11,Alto,True
316-55-4634,Cairo,Mandalay,Member,Male,Food and beverages,80.05,5,20.01,420.26,2019-01-26,12:45:00,Credit card,400.25,4.76,20.01,9.4,1,Sábado,12,Alto,True
733-33-4967,Giza,Naypyitaw,Normal,Male,Electronic accessories,20.85,8,8.34,175.14,2019-03-03,19:17:00,Cash,166.8,4.76,8.34,6.3,3,Domingo,19,Médio,True
608-27-6295,Cairo,Mandalay,Member,Male,Electronic accessories,52.89,6,15.87,333.21,2019-01-19,17:34:00,Credit card,317.34,4.76,15.87,9.8,1,Sábado,17,Alto,True
414-12-7047,Cairo,Mandalay,Normal,Male,Food and beverages,19.79,8,7.92,166.24,2019-01-18,12:04:00,Ewallet,158.32,4.76,7.92,8.7,1,Sexta-feira,12,Médio,True
827-26-2100,Alex,Yangon,Member,Male,Home and lifestyle,33.84,9,15.23,319.79,2019-03-21,16:21:00,Ewallet,304.56,4.76,15.23,8.8,3,Quinta-feira,16,Alto,True
175-54-2529,Alex,Yangon,Member,Male,Food and beverages,22.17,8,8.87,186.23,2019-03-03,17:01:00,Credit card,177.36,4.76,8.87,9.6,3,Domingo,17,Médio,True
139-52-2867,Giza,Naypyitaw,Normal,Female,Fashion accessories,22.51,7,7.88,165.45,2019-02-13,10:50:00,Credit card,157.57,4.76,7.88,4.8,2,Quarta-feira,10,Médio,True
407-63-8975,Alex,Yangon,Normal,Male,Food and beverages,73.88,6,22.16,465.44,2019-03-23,19:16:00,Ewallet,443.28,4.76,22.16,4.4,3,Sábado,19,Alto,True
342-65-4817,Giza,Naypyitaw,Member,Male,Health and beauty,86.8,3,13.02,273.42,2019-01-28,16:47:00,Ewallet,260.4,4.76,13.02,9.9,1,Segunda-feira,16,Alto,True
130-98-8941,Giza,Naypyitaw,Normal,Male,Fashion accessories,64.26,7,22.49,472.31,2019-02-09,10:00:00,Cash,449.82,4.76,22.49,5.7,2,Sábado,10,Muito alto,True
434-83-9547,Giza,Naypyitaw,Member,Male,Food and beverages,38.47,8,15.39,323.15,2019-01-23,11:51:00,Cash,307.76,4.76,15.39,7.7,1,Quarta-feira,11,Alto,True
851-28-6367,Alex,Yangon,Member,Male,Sports and travel,15.5,10,7.75,162.75,2019-03-23,10:55:00,Ewallet,155.0,4.76,7.75,8.0,3,Sábado,10,Médio,True
824-88-3614,Giza,Naypyitaw,Normal,Male,Health and beauty,34.31,8,13.72,288.2,2019-01-25,15:00:00,Ewallet,274.48,4.76,13.72,5.7,1,Sexta-feira,15,Alto,True
586-25-0848,Alex,Yangon,Normal,Female,Sports and travel,12.34,7,4.32,90.7,2019-03-04,11:19:00,Credit card,86.38,4.76,4.32,6.7,3,Segunda-feira,11,Baixo,True
895-66-0685,Cairo,Mandalay,Member,Male,Food and beverages,18.08,3,2.71,56.95,2019-03-05,19:46:00,Ewallet,54.24,4.76,2.71,8.0,3,Terça-feira,19,Baixo,True
305-14-0245,Cairo,Mandalay,Member,Female,Home and lifestyle,94.49,8,37.8,793.72,2019-03-03,19:00:00,Ewallet,755.92,4.76,37.8,7.5,3,Domingo,19,Muito alto,True
732-04-5373,Cairo,Mandalay,Member,Male,Home and lifestyle,46.47,4,9.29,195.17,2019-02-08,10:53:00,Cash,185.88,4.76,9.29,7.0,2,Sexta-feira,10,Médio,True
400-60-7251,Alex,Yangon,Normal,Male,Home and lifestyle,74.07,1,3.7,77.77,2019-02-10,12:50:00,Ewallet,74.07,4.76,3.7,9.9,2,Domingo,12,Baixo,True
593-65-1552,Giza,Naypyitaw,Normal,Female,Home and lifestyle,69.81,4,13.96,293.2,2019-01-28,20:50:00,Credit card,279.24,4.76,13.96,5.9,1,Segunda-feira,20,Alto,True
284-34-9626,Cairo,Mandalay,Normal,Female,Home and lifestyle,77.04,3,11.56,242.68,2019-02-11,10:39:00,Credit card,231.12,4.76,11.56,7.2,2,Segunda-feira,10,Médio,True
437-58-8131,Cairo,Mandalay,Normal,Female,Fashion accessories,73.52,2,7.35,154.39,2019-01-15,13:41:00,Ewallet,147.04,4.76,7.35,4.6,1,Terça-feira,13,Médio,True
286-43-6208,Giza,Naypyitaw,Normal,Female,Food and beverages,87.8,9,39.51,829.71,2019-03-16,19:08:00,Cash,790.2,4.76,39.51,9.2,3,Sábado,19,Muito alto,True
641-43-2399,Cairo,Mandalay,Normal,Male,Home and lifestyle,25.55,4,5.11,107.31,2019-01-26,20:23:00,Ewallet,102.2,4.76,5.11,5.7,1,Sábado,20,Baixo,True
831-07-6050,Alex,Yangon,Normal,Male,Electronic accessories,32.71,5,8.18,171.73,2019-03-19,11:30:00,Credit card,163.55,4.76,8.18,9.9,3,Terça-feira,11,Médio,True
556-86-3144,Giza,Naypyitaw,Member,Female,Fashion accessories,74.29,1,3.71,78.0,2019-01-13,19:30:00,Cash,74.29,4.76,3.71,5.0,1,Domingo,19,Baixo,True
848-24-9445,Giza,Naypyitaw,Member,Male,Health and beauty,43.7,2,4.37,91.77,2019-03-26,18:03:00,Cash,87.4,4.76,4.37,4.9,3,Terça-feira,18,Baixo,True
856-22-8149,Alex,Yangon,Normal,Female,Home and lifestyle,25.29,1,1.26,26.55,2019-03-23,10:13:00,Ewallet,25.29,4.76,1.26,6.1,3,Sábado,10,Baixo,True
699-01-4164,Giza,Naypyitaw,Normal,Male,Health and beauty,41.5,4,8.3,174.3,2019-03-12,19:58:00,Credit card,166.0,4.76,8.3,8.2,3,Terça-feira,19,Médio,True
420-11-4919,Giza,Naypyitaw,Member,Female,Food and beverages,71.39,5,17.85,374.8,2019-02-17,19:57:00,Credit card,356.95,4.76,17.85,5.5,2,Domingo,19,Alto,True
606-80-4905,Giza,Naypyitaw,Member,Female,Sports and travel,19.15,6,5.74,120.64,2019-01-29,10:01:00,Credit card,114.9,4.76,5.74,6.8,1,Terça-feira,10,Baixo,True
542-41-0513,Cairo,Mandalay,Member,Female,Electronic accessories,57.49,4,11.5,241.46,2019-03-15,11:57:00,Cash,229.96,4.76,11.5,6.6,3,Sexta-feira,11,Médio,True
426-39-2418,Giza,Naypyitaw,Normal,Male,Electronic accessories,61.41,7,21.49,451.36,2019-01-14,10:02:00,Cash,429.87,4.76,21.49,9.8,1,Segunda-feira,10,Alto,True
875-46-5808,Cairo,Mandalay,Member,Male,Health and beauty,25.9,10,12.95,271.95,2019-02-06,14:51:00,Ewallet,259.0,4.76,12.95,8.7,2,Quarta-feira,14,Alto,True
394-43-4238,Cairo,Mandalay,Member,Male,Home and lifestyle,17.77,5,4.44,93.29,2019-02-15,12:42:00,Credit card,88.85,4.76,4.44,5.4,2,Sexta-feira,12,Baixo,True
749-24-1565,Alex,Yangon,Normal,Female,Health and beauty,23.03,9,10.36,217.63,2019-01-03,12:02:00,Ewallet,207.27,4.76,10.36,7.9,1,Quinta-feira,12,Médio,True
672-51-8681,Giza,Naypyitaw,Member,Female,Electronic accessories,66.65,9,29.99,629.84,2019-01-04,18:19:00,Credit card,599.85,4.76,29.99,9.7,1,Sexta-feira,18,Muito alto,True
263-87-5680,Giza,Naypyitaw,Member,Female,Home and lifestyle,28.53,10,14.26,299.56,2019-03-18,17:38:00,Ewallet,285.3,4.76,14.26,7.8,3,Segunda-feira,17,Alto,True
573-58-9734,Cairo,Mandalay,Normal,Female,Fashion accessories,30.37,3,4.56,95.67,2019-03-28,13:41:00,Ewallet,91.11,4.76,4.56,5.1,3,Quinta-feira,13,Baixo,True
817-69-8206,Cairo,Mandalay,Normal,Female,Electronic accessories,99.73,9,44.88,942.45,2019-03-02,19:42:00,Credit card,897.57,4.76,44.88,6.5,3,Sábado,19,Muito alto,True
888-02-0338,Alex,Yangon,Normal,Male,Electronic accessories,26.23,9,11.8,247.87,2019-01-25,20:24:00,Ewallet,236.07,4.76,11.8,5.9,1,Sexta-feira,20,Médio,True
677-11-0152,Giza,Naypyitaw,Normal,Female,Food and beverages,93.26,9,41.97,881.31,2019-01-16,18:08:00,Cash,839.34,4.76,41.97,8.8,1,Quarta-feira,18,Muito alto,True
142-63-6033,Cairo,Mandalay,Normal,Male,Home and lifestyle,92.36,5,23.09,484.89,2019-03-20,19:17:00,Ewallet,461.8,4.76,23.09,4.9,3,Quarta-feira,19,Muito alto,True
656-16-1063,Cairo,Mandalay,Normal,Male,Sports and travel,46.42,3,6.96,146.22,2019-01-04,13:24:00,Credit card,139.26,4.76,6.96,4.4,1,Sexta-feira,13,Médio,True
891-58-8335,Cairo,Mandalay,Member,Female,Sports and travel,29.61,7,10.36,217.63,2019-03-11,15:53:00,Cash,207.27,4.76,10.36,6.5,3,Segunda-feira,15,Médio,True
802-43-8934,Alex,Yangon,Normal,Male,Home and lifestyle,18.28,1,0.91,19.19,2019-03-22,15:05:00,Credit card,18.28,4.76,0.91,8.3,3,Sexta-feira,15,Baixo,True
560-30-5617,Cairo,Mandalay,Normal,Female,Sports and travel,24.77,5,6.19,130.04,2019-03-24,18:27:00,Cash,123.85,4.76,6.19,8.5,3,Domingo,18,Médio,True
319-74-2561,Alex,Yangon,Member,Female,Electronic accessories,94.64,3,14.2,298.12,2019-02-21,16:55:00,Cash,283.92,4.76,14.2,5.5,2,Quinta-feira,16,Alto,True
549-03-9315,Cairo,Mandalay,Normal,Male,Fashion accessories,94.87,8,37.95,796.91,2019-02-12,12:58:00,Ewallet,758.96,4.76,37.95,8.7,2,Terça-feira,12,Muito alto,True
790-29-1172,Cairo,Mandalay,Normal,Female,Food and beverages,57.34,3,8.6,180.62,2019-03-10,18:59:00,Credit card,172.02,4.76,8.6,7.9,3,Domingo,18,Médio,True
239-36-3640,Cairo,Mandalay,Normal,Male,Electronic accessories,45.35,6,13.6,285.7,2019-01-31,13:44:00,Ewallet,272.1,4.76,13.6,6.1,1,Quinta-feira,13,Alto,True
468-01-2051,Cairo,Mandalay,Normal,Male,Food and beverages,62.08,7,21.73,456.29,2019-03-06,13:46:00,Ewallet,434.56,4.76,21.73,5.4,3,Quarta-feira,13,Alto,True
389-25-3394,Giza,Naypyitaw,Normal,Male,Electronic accessories,11.81,5,2.95,62.0,2019-02-17,18:06:00,Cash,59.05,4.76,2.95,9.4,2,Domingo,18,Baixo,True
279-62-1445,Giza,Naypyitaw,Member,Female,Fashion accessories,12.54,1,0.63,13.17,2019-02-21,12:38:00,Cash,12.54,4.76,0.63,8.2,2,Quinta-feira,12,Baixo,True
213-72-6612,Alex,Yangon,Normal,Male,Food and beverages,43.25,2,4.32,90.82,2019-03-20,15:56:00,Cash,86.5,4.76,4.32,6.2,3,Quarta-feira,15,Baixo,True
746-68-6593,Giza,Naypyitaw,Member,Female,Sports and travel,87.16,2,8.72,183.04,2019-01-11,14:29:00,Credit card,174.32,4.76,8.72,9.7,1,Sexta-feira,14,Médio,True
836-82-5858,Cairo,Mandalay,Member,Male,Health and beauty,69.37,9,31.22,655.55,2019-01-26,19:14:00,Ewallet,624.33,4.76,31.22,4.0,1,Sábado,19,Muito alto,True
583-72-1480,Giza,Naypyitaw,Member,Male,Electronic accessories,37.06,4,7.41,155.65,2019-01-31,16:24:00,Ewallet,148.24,4.76,7.41,9.7,1,Quinta-feira,16,Médio,True
466-61-5506,Cairo,Mandalay,Member,Female,Electronic accessories,90.7,6,27.21,571.41,2019-02-26,10:52:00,Cash,544.2,4.76,27.21,5.3,2,Terça-feira,10,Muito alto,True
721-86-6247,Alex,Yangon,Normal,Female,Home and lifestyle,63.42,8,25.37,532.73,2019-03-11,12:55:00,Ewallet,507.36,4.76,25.37,7.4,3,Segunda-feira,12,Muito alto,True
289-65-5721,Cairo,Mandalay,Normal,Female,Fashion accessories,81.37,2,8.14,170.88,2019-01-26,19:28:00,Cash,162.74,4.76,8.14,6.5,1,Sábado,19,Médio,True
545-46-3100,Cairo,Mandalay,Member,Female,Electronic accessories,10.59,3,1.59,33.36,2019-03-12,13:52:00,Credit card,31.77,4.76,1.59,8.7,3,Terça-feira,13,Baixo,True
418-02-5978,Cairo,Mandalay,Normal,Female,Health and beauty,84.09,9,37.84,794.65,2019-02-11,10:54:00,Cash,756.81,4.76,37.84,8.0,2,Segunda-feira,10,Muito alto,True
269-04-5750,Cairo,Mandalay,Member,Male,Fashion accessories,73.82,4,14.76,310.04,2019-02-21,18:31:00,Cash,295.28,4.76,14.76,6.7,2,Quinta-feira,18,Alto,True
157-13-5295,Alex,Yangon,Member,Male,Health and beauty,51.94,10,25.97,545.37,2019-03-09,18:24:00,Ewallet,519.4,4.76,25.97,6.5,3,Sábado,18,Muito alto,True
645-78-8093,Alex,Yangon,Normal,Female,Sports and travel,93.14,2,9.31,195.59,2019-01-20,18:09:00,Ewallet,186.28,4.76,9.31,4.1,1,Domingo,18,Médio,True
211-30-9270,Giza,Naypyitaw,Normal,Male,Health and beauty,17.41,5,4.35,91.4,2019-01-28,15:16:00,Credit card,87.05,4.76,4.35,4.9,1,Segunda-feira,15,Baixo,True
755-12-3214,Giza,Naypyitaw,Member,Female,Fashion accessories,44.22,5,11.06,232.16,2019-03-05,17:07:00,Credit card,221.1,4.76,11.06,8.6,3,Terça-feira,17,Médio,True
346-84-3103,Cairo,Mandalay,Member,Female,Electronic accessories,13.22,5,3.3,69.4,2019-03-02,19:26:00,Cash,66.1,4.76,3.3,4.3,3,Sábado,19,Baixo,True
478-06-7835,Alex,Yangon,Normal,Male,Fashion accessories,89.69,1,4.48,94.17,2019-01-11,11:20:00,Ewallet,89.69,4.76,4.48,4.9,1,Sexta-feira,11,Baixo,True
540-11-4336,Alex,Yangon,Normal,Male,Food and beverages,24.94,9,11.22,235.68,2019-01-11,16:49:00,Credit card,224.46,4.76,11.22,5.6,1,Sexta-feira,16,Médio,True
448-81-5016,Alex,Yangon,Normal,Male,Health and beauty,59.77,2,5.98,125.52,2019-03-11,12:01:00,Credit card,119.54,4.76,5.98,5.8,3,Segunda-feira,12,Médio,True
142-72-4741,Giza,Naypyitaw,Member,Male,Fashion accessories,93.2,2,9.32,195.72,2019-02-28,18:37:00,Credit card,186.4,4.76,9.32,6.0,2,Quinta-feira,18,Médio,True
217-58-1179,Alex,Yangon,Member,Male,Home and lifestyle,62.65,4,12.53,263.13,2019-01-05,11:25:00,Cash,250.6,4.76,12.53,4.2,1,Sábado,11,Alto,True
376-02-8238,Cairo,Mandalay,Normal,Male,Home and lifestyle,93.87,8,37.55,788.51,2019-02-02,18:42:00,Credit card,750.96,4.76,37.55,8.3,2,Sábado,18,Muito alto,True
530-90-9855,Alex,Yangon,Member,Male,Home and lifestyle,47.59,8,19.04,399.76,2019-01-01,14:47:00,Cash,380.72,4.76,19.04,5.7,1,Terça-feira,14,Alto,True
866-05-7563,Cairo,Mandalay,Member,Female,Electronic accessories,81.4,3,12.21,256.41,2019-02-09,19:43:00,Cash,244.2,4.76,12.21,4.8,2,Sábado,19,Alto,True
604-70-6476,Alex,Yangon,Member,Male,Fashion accessories,17.94,5,4.49,94.18,2019-01-23,14:04:00,Ewallet,89.7,4.76,4.49,6.8,1,Quarta-feira,14,Baixo,True
799-71-1548,Alex,Yangon,Member,Male,Electronic accessories,77.72,4,15.54,326.42,2019-01-07,16:11:00,Credit card,310.88,4.76,15.54,8.8,1,Segunda-feira,16,Alto,True
785-13-7708,Cairo,Mandalay,Normal,Male,Food and beverages,73.06,7,25.57,536.99,2019-01-14,19:06:00,Credit card,511.42,4.76,25.57,4.2,1,Segunda-feira,19,Muito alto,True
845-51-0542,Cairo,Mandalay,Member,Male,Food and beverages,46.55,9,20.95,439.9,2019-02-02,15:34:00,Ewallet,418.95,4.76,20.95,6.4,2,Sábado,15,Alto,True
662-47-5456,Giza,Naypyitaw,Member,Male,Fashion accessories,35.19,10,17.6,369.5,2019-03-17,19:06:00,Credit card,351.9,4.76,17.6,8.4,3,Domingo,19,Alto,True
883-17-4236,Giza,Naypyitaw,Normal,Female,Sports and travel,14.39,2,1.44,30.22,2019-03-02,19:44:00,Credit card,28.78,4.76,1.44,7.2,3,Sábado,19,Baixo,True
290-68-2984,Alex,Yangon,Normal,Male,Home and lifestyle,23.75,4,4.75,99.75,2019-03-16,11:22:00,Cash,95.0,4.76,4.75,5.2,3,Sábado,11,Baixo,True
704-11-6354,Alex,Yangon,Member,Male,Home and lifestyle,58.9,8,23.56,494.76,2019-01-06,11:23:00,Cash,471.2,4.76,23.56,8.9,1,Domingo,11,Muito alto,True
110-48-7033,Cairo,Mandalay,Member,Male,Fashion accessories,32.62,4,6.52,137.0,2019-01-29,14:12:00,Cash,130.48,4.76,6.52,9.0,1,Terça-feira,14,Médio,True
366-93-0948,Alex,Yangon,Member,Male,Electronic accessories,66.35,1,3.32,69.67,2019-01-31,10:46:00,Credit card,66.35,4.76,3.32,9.7,1,Quinta-feira,10,Baixo,True
729-09-9681,Alex,Yangon,Member,Male,Home and lifestyle,25.91,6,7.77,163.23,2019-02-05,10:16:00,Ewallet,155.46,4.76,7.77,8.7,2,Terça-feira,10,Médio,True
151-16-1484,Alex,Yangon,Member,Male,Electronic accessories,32.25,4,6.45,135.45,2019-02-13,12:38:00,Ewallet,129.0,4.76,6.45,6.5,2,Quarta-feira,12,Médio,True
380-94-4661,Giza,Naypyitaw,Member,Male,Electronic accessories,65.94,4,13.19,276.95,2019-02-07,13:05:00,Credit card,263.76,4.76,13.19,6.9,2,Quinta-feira,13,Alto,True
850-41-9669,Alex,Yangon,Normal,Female,Electronic accessories,75.06,9,33.78,709.32,2019-03-19,13:25:00,Ewallet,675.54,4.76,33.78,6.2,3,Terça-feira,13,Muito alto,True
821-07-3596,Giza,Naypyitaw,Normal,Female,Fashion accessories,16.45,4,3.29,69.09,2019-03-07,14:53:00,Ewallet,65.8,4.76,3.29,5.6,3,Quinta-feira,14,Baixo,True
655-85-5130,Cairo,Mandalay,Member,Female,Fashion accessories,38.3,4,7.66,160.86,2019-03-13,19:22:00,Cash,153.2,4.76,7.66,5.7,3,Quarta-feira,19,Médio,True
447-15-7839,Alex,Yangon,Member,Female,Sports and travel,22.24,10,11.12,233.52,2019-02-09,11:00:00,Cash,222.4,4.76,11.12,4.2,2,Sábado,11,Médio,True
154-74-7179,Cairo,Mandalay,Normal,Male,Sports and travel,54.45,1,2.72,57.17,2019-02-26,19:24:00,Ewallet,54.45,4.76,2.72,7.9,2,Terça-feira,19,Baixo,True
253-12-6086,Alex,Yangon,Member,Female,Sports and travel,98.4,7,34.44,723.24,2019-03-12,12:43:00,Credit card,688.8,4.76,34.44,8.7,3,Terça-feira,12,Muito alto,True
808-65-0703,Giza,Naypyitaw,Normal,Male,Home and lifestyle,35.47,4,7.09,148.97,2019-03-14,17:22:00,Credit card,141.88,4.76,7.09,6.9,3,Quinta-feira,17,Médio,True
571-94-0759,Cairo,Mandalay,Member,Female,Food and beverages,74.6,10,37.3,783.3,2019-01-08,20:55:00,Cash,746.0,4.76,37.3,9.5,1,Terça-feira,20,Muito alto,True
144-51-6085,Alex,Yangon,Member,Male,Home and lifestyle,70.74,4,14.15,297.11,2019-01-05,16:05:00,Credit card,282.96,4.76,14.15,4.4,1,Sábado,16,Alto,True
731-14-2199,Alex,Yangon,Member,Female,Home and lifestyle,35.54,10,17.77,373.17,2019-01-04,13:34:00,Ewallet,355.4,4.76,17.77,7.0,1,Sexta-feira,13,Alto,True
783-09-1637,Cairo,Mandalay,Normal,Female,Sports and travel,67.43,5,16.86,354.01,2019-03-06,18:13:00,Ewallet,337.15,4.76,16.86,6.3,3,Quarta-feira,18,Alto,True
687-15-1097,Giza,Naypyitaw,Member,Female,Health and beauty,21.12,2,2.11,44.35,2019-01-03,19:17:00,Cash,42.24,4.76,2.11,9.7,1,Quinta-feira,19,Baixo,True
126-54-1082,Alex,Yangon,Member,Female,Home and lifestyle,21.54,9,9.69,203.55,2019-01-07,11:44:00,Credit card,193.86,4.76,9.69,8.8,1,Segunda-feira,11,Médio,True
633-91-1052,Alex,Yangon,Normal,Female,Home and lifestyle,12.03,2,1.2,25.26,2019-01-27,15:51:00,Cash,24.06,4.76,1.2,5.1,1,Domingo,15,Baixo,True
477-24-6490,Cairo,Mandalay,Normal,Female,Health and beauty,99.71,6,29.91,628.17,2019-02-26,16:52:00,Ewallet,598.26,4.76,29.91,7.9,2,Terça-feira,16,Muito alto,True
566-19-5475,Cairo,Mandalay,Normal,Male,Fashion accessories,47.97,7,16.79,352.58,2019-01-07,20:52:00,Cash,335.79,4.76,16.79,6.2,1,Segunda-feira,20,Alto,True
526-86-8552,Giza,Naypyitaw,Member,Female,Home and lifestyle,21.82,10,10.91,229.11,2019-01-07,17:36:00,Cash,218.2,4.76,10.91,7.1,1,Segunda-feira,17,Médio,True
376-56-3573,Giza,Naypyitaw,Normal,Female,Fashion accessories,95.42,4,19.08,400.76,2019-02-02,13:23:00,Ewallet,381.68,4.76,19.08,6.4,2,Sábado,13,Alto,True
537-72-0426,Giza,Naypyitaw,Member,Male,Fashion accessories,70.99,10,35.49,745.4,2019-03-20,16:28:00,Cash,709.9,4.76,35.49,5.7,3,Quarta-feira,16,Muito alto,True
828-61-5674,Alex,Yangon,Member,Male,Sports and travel,44.02,10,22.01,462.21,2019-03-20,19:57:00,Credit card,440.2,4.76,22.01,9.6,3,Quarta-feira,19,Alto,True
136-08-6195,Alex,Yangon,Normal,Female,Home and lifestyle,69.96,8,27.98,587.66,2019-02-15,17:01:00,Credit card,559.68,4.76,27.98,6.4,2,Sexta-feira,17,Muito alto,True
523-38-0215,Giza,Naypyitaw,Normal,Male,Home and lifestyle,37.0,1,1.85,38.85,2019-03-06,13:29:00,Credit card,37.0,4.76,1.85,7.9,3,Quarta-feira,13,Baixo,True
490-29-1201,Alex,Yangon,Normal,Female,Sports and travel,15.34,1,0.77,16.11,2019-01-06,11:09:00,Cash,15.34,4.76,0.77,6.5,1,Domingo,11,Baixo,True
667-92-0055,Alex,Yangon,Member,Male,Health and beauty,99.83,6,29.95,628.93,2019-03-04,15:02:00,Ewallet,598.98,4.76,29.95,8.5,3,Segunda-feira,15,Muito alto,True
565-17-3836,Alex,Yangon,Member,Female,Health and beauty,47.67,4,9.53,200.21,2019-03-12,14:21:00,Cash,190.68,4.76,9.53,9.1,3,Terça-feira,14,Médio,True
498-41-1961,Cairo,Mandalay,Normal,Male,Health and beauty,66.68,5,16.67,350.07,2019-02-20,18:01:00,Cash,333.4,4.76,16.67,7.6,2,Quarta-feira,18,Alto,True
593-95-4461,Giza,Naypyitaw,Member,Male,Home and lifestyle,74.86,1,3.74,78.6,2019-03-24,14:49:00,Cash,74.86,4.76,3.74,6.9,3,Domingo,14,Baixo,True
226-71-3580,Giza,Naypyitaw,Normal,Female,Sports and travel,23.75,9,10.69,224.44,2019-01-31,12:02:00,Cash,213.75,4.76,10.69,9.5,1,Quinta-feira,12,Médio,True
283-79-9594,Cairo,Mandalay,Normal,Female,Food and beverages,48.51,7,16.98,356.55,2019-01-25,13:30:00,Credit card,339.57,4.76,16.98,5.2,1,Sexta-feira,13,Alto,True
430-60-3493,Alex,Yangon,Member,Female,Home and lifestyle,94.88,7,33.21,697.37,2019-02-03,14:38:00,Cash,664.16,4.76,33.21,4.2,2,Domingo,14,Muito alto,True
139-20-0155,Cairo,Mandalay,Member,Male,Electronic accessories,40.3,10,20.15,423.15,2019-01-24,17:37:00,Credit card,403.0,4.76,20.15,7.0,1,Quinta-feira,17,Alto,True
558-80-4082,Giza,Naypyitaw,Normal,Male,Electronic accessories,27.85,7,9.75,204.7,2019-03-14,17:20:00,Ewallet,194.95,4.76,9.75,6.0,3,Quinta-feira,17,Médio,True
278-97-7759,Alex,Yangon,Member,Female,Electronic accessories,62.48,1,3.12,65.6,2019-02-18,20:29:00,Cash,62.48,4.76,3.12,4.7,2,Segunda-feira,20,Baixo,True
316-68-6352,Alex,Yangon,Member,Female,Food and beverages,36.36,2,3.64,76.36,2019-01-21,10:00:00,Cash,72.72,4.76,3.64,7.1,1,Segunda-feira,10,Baixo,True
585-03-5943,Cairo,Mandalay,Normal,Male,Health and beauty,18.11,10,9.06,190.16,2019-03-13,11:46:00,Ewallet,181.1,4.76,9.06,5.9,3,Quarta-feira,11,Médio,True
211-05-0490,Giza,Naypyitaw,Member,Female,Electronic accessories,51.92,5,12.98,272.58,2019-03-03,13:42:00,Cash,259.6,4.76,12.98,7.5,3,Domingo,13,Alto,True
727-75-6477,Giza,Naypyitaw,Normal,Male,Electronic accessories,28.84,4,5.77,121.13,2019-03-29,14:44:00,Cash,115.36,4.76,5.77,6.4,3,Sexta-feira,14,Baixo,True
744-02-5987,Alex,Yangon,Member,Male,Home and lifestyle,78.38,6,23.51,493.79,2019-01-10,14:16:00,Ewallet,470.28,4.76,23.51,5.8,1,Quinta-feira,14,Muito alto,True
307-83-9164,Alex,Yangon,Member,Male,Home and lifestyle,60.01,4,12.0,252.04,2019-01-25,15:54:00,Cash,240.04,4.76,12.0,4.5,1,Sexta-feira,15,Médio,True
779-06-0012,Giza,Naypyitaw,Member,Female,Home and lifestyle,88.61,1,4.43,93.04,2019-01-19,10:21:00,Cash,88.61,4.76,4.43,7.7,1,Sábado,10,Baixo,True
446-47-6729,Giza,Naypyitaw,Normal,Male,Fashion accessories,99.82,2,9.98,209.62,2019-01-02,18:09:00,Credit card,199.64,4.76,9.98,6.7,1,Quarta-feira,18,Médio,True
573-10-3877,Cairo,Mandalay,Member,Male,Health and beauty,39.01,1,1.95,40.96,2019-03-12,16:46:00,Credit card,39.01,4.76,1.95,4.7,3,Terça-feira,16,Baixo,True
735-06-4124,Giza,Naypyitaw,Normal,Male,Food and beverages,48.61,1,2.43,51.04,2019-02-25,15:31:00,Cash,48.61,4.76,2.43,4.4,2,Segunda-feira,15,Baixo,True
439-54-7422,Alex,Yangon,Normal,Female,Electronic accessories,51.19,4,10.24,215.0,2019-03-18,17:15:00,Credit card,204.76,4.76,10.24,4.7,3,Segunda-feira,17,Médio,True
396-90-2219,Cairo,Mandalay,Normal,Female,Electronic accessories,14.96,8,5.98,125.66,2019-02-23,12:29:00,Cash,119.68,4.76,5.98,8.6,2,Sábado,12,Médio,True
411-77-0180,Alex,Yangon,Member,Male,Electronic accessories,72.2,7,25.27,530.67,2019-03-26,20:14:00,Ewallet,505.4,4.76,25.27,4.3,3,Terça-feira,20,Muito alto,True
286-01-5402,Alex,Yangon,Normal,Female,Sports and travel,40.23,7,14.08,295.69,2019-03-30,13:22:00,Cash,281.61,4.76,14.08,9.6,3,Sábado,13,Alto,True
803-17-8013,Alex,Yangon,Member,Female,Home and lifestyle,88.79,8,35.52,745.84,2019-02-17,17:09:00,Cash,710.32,4.76,35.52,4.1,2,Domingo,17,Muito alto,True
512-98-1403,Alex,Yangon,Member,Female,Electronic accessories,26.48,3,3.97,83.41,2019-03-21,10:40:00,Ewallet,79.44,4.76,3.97,4.7,3,Quinta-feira,10,Baixo,True
848-42-2560,Alex,Yangon,Normal,Female,Fashion accessories,81.91,2,8.19,172.01,2019-03-05,17:43:00,Cash,163.82,4.76,8.19,7.8,3,Terça-feira,17,Médio,True
532-59-7201,Cairo,Mandalay,Member,Male,Sports and travel,79.93,6,23.98,503.56,2019-01-31,14:04:00,Cash,479.58,4.76,23.98,5.5,1,Quinta-feira,14,Muito alto,True
181-94-6432,Giza,Naypyitaw,Member,Male,Fashion accessories,69.33,2,6.93,145.59,2019-02-05,19:05:00,Ewallet,138.66,4.76,6.93,9.7,2,Terça-feira,19,Médio,True
870-76-1733,Alex,Yangon,Member,Female,Food and beverages,14.23,5,3.56,74.71,2019-02-01,10:08:00,Credit card,71.15,4.76,3.56,4.4,2,Sexta-feira,10,Baixo,True
423-64-4619,Alex,Yangon,Member,Female,Health and beauty,15.55,9,7.0,146.95,2019-03-07,13:12:00,Cash,139.95,4.76,7.0,5.0,3,Quinta-feira,13,Médio,True
227-07-4446,Giza,Naypyitaw,Member,Female,Electronic accessories,78.13,10,39.06,820.36,2019-02-10,20:51:00,Cash,781.3,4.76,39.06,4.4,2,Domingo,20,Muito alto,True
174-36-3675,Giza,Naypyitaw,Member,Male,Food and beverages,99.37,2,9.94,208.68,2019-02-14,17:29:00,Cash,198.74,4.76,9.94,5.2,2,Quinta-feira,17,Médio,True
428-83-5800,Giza,Naypyitaw,Member,Female,Food and beverages,21.08,3,3.16,66.4,2019-02-09,10:25:00,Cash,63.24,4.76,3.16,7.3,2,Sábado,10,Baixo,True
603-07-0961,Giza,Naypyitaw,Member,Male,Electronic accessories,74.79,5,18.7,392.65,2019-01-10,11:34:00,Cash,373.95,4.76,18.7,4.9,1,Quinta-feira,11,Alto,True
704-20-4138,Giza,Naypyitaw,Member,Female,Health and beauty,29.67,7,10.38,218.07,2019-03-11,18:58:00,Credit card,207.69,4.76,10.38,8.1,3,Segunda-feira,18,Médio,True
787-15-1757,Giza,Naypyitaw,Member,Male,Health and beauty,44.07,4,8.81,185.09,2019-02-18,16:28:00,Ewallet,176.28,4.76,8.81,8.4,2,Segunda-feira,16,Médio,True
649-11-3678,Giza,Naypyitaw,Normal,Female,Food and beverages,22.93,9,10.32,216.69,2019-02-26,20:26:00,Cash,206.37,4.76,10.32,5.5,2,Terça-feira,20,Médio,True
622-20-1945,Giza,Naypyitaw,Normal,Female,Health and beauty,39.42,1,1.97,41.39,2019-01-18,15:08:00,Cash,39.42,4.76,1.97,8.4,1,Sexta-feira,15,Baixo,True
372-94-8041,Alex,Yangon,Normal,Male,Health and beauty,15.26,6,4.58,96.14,2019-02-15,18:03:00,Ewallet,91.56,4.76,4.58,9.8,2,Sexta-feira,18,Baixo,True
563-91-7120,Alex,Yangon,Normal,Female,Fashion accessories,61.77,5,15.44,324.29,2019-03-08,13:21:00,Cash,308.85,4.76,15.44,6.7,3,Sexta-feira,13,Alto,True
746-54-5508,Alex,Yangon,Normal,Male,Home and lifestyle,21.52,6,6.46,135.58,2019-01-17,12:48:00,Credit card,129.12,4.76,6.46,9.4,1,Quinta-feira,12,Médio,True
276-54-0879,Cairo,Mandalay,Normal,Male,Sports and travel,97.74,4,19.55,410.51,2019-03-12,19:53:00,Ewallet,390.96,4.76,19.55,6.4,3,Terça-feira,19,Alto,True
815-11-1168,Alex,Yangon,Member,Male,Food and beverages,99.78,5,24.94,523.84,2019-03-09,19:09:00,Cash,498.9,4.76,24.94,5.4,3,Sábado,19,Muito alto,True
719-76-3868,Giza,Naypyitaw,Member,Male,Food and beverages,94.26,4,18.85,395.89,2019-03-12,16:30:00,Cash,377.04,4.76,18.85,8.6,3,Terça-feira,16,Alto,True
730-61-8757,Cairo,Mandalay,Member,Male,Health and beauty,51.13,4,10.23,214.75,2019-01-25,10:11:00,Credit card,204.52,4.76,10.23,4.0,1,Sexta-feira,10,Médio,True
340-66-0321,Alex,Yangon,Member,Male,Electronic accessories,36.36,4,7.27,152.71,2019-03-25,13:07:00,Cash,145.44,4.76,7.27,7.6,3,Segunda-feira,13,Médio,True
868-81-1752,Cairo,Mandalay,Normal,Male,Home and lifestyle,22.02,9,9.91,208.09,2019-02-07,18:48:00,Cash,198.18,4.76,9.91,6.8,2,Quinta-feira,18,Médio,True
634-97-8956,Alex,Yangon,Normal,Male,Food and beverages,32.9,3,4.93,103.64,2019-02-17,17:27:00,Credit card,98.7,4.76,4.93,9.1,2,Domingo,17,Baixo,True
566-71-1091,Alex,Yangon,Normal,Male,Fashion accessories,77.02,5,19.26,404.36,2019-02-03,15:59:00,Cash,385.1,4.76,19.26,5.5,2,Domingo,15,Alto,True
442-48-3607,Alex,Yangon,Member,Male,Food and beverages,23.48,2,2.35,49.31,2019-03-14,11:21:00,Credit card,46.96,4.76,2.35,7.9,3,Quinta-feira,11,Baixo,True
835-16-0096,Giza,Naypyitaw,Member,Male,Sports and travel,14.7,5,3.68,77.18,2019-03-24,13:48:00,Ewallet,73.5,4.76,3.68,8.5,3,Domingo,13,Baixo,True
527-09-6272,Alex,Yangon,Member,Female,Electronic accessories,28.45,5,7.11,149.36,2019-03-21,10:17:00,Credit card,142.25,4.76,7.11,9.1,3,Quinta-feira,10,Médio,True
898-04-2717,Alex,Yangon,Normal,Male,Fashion accessories,76.4,9,34.38,721.98,2019-03-19,15:49:00,Ewallet,687.6,4.76,34.38,7.5,3,Terça-feira,15,Muito alto,True
692-27-8933,Cairo,Mandalay,Normal,Female,Sports and travel,57.95,6,17.39,365.08,2019-02-24,13:02:00,Cash,347.7,4.76,17.39,5.2,2,Domingo,13,Alto,True
633-09-3463,Giza,Naypyitaw,Normal,Female,Electronic accessories,47.65,3,7.15,150.1,2019-03-28,12:58:00,Credit card,142.95,4.76,7.15,9.5,3,Quinta-feira,12,Médio,True
374-17-3652,Cairo,Mandalay,Member,Female,Food and beverages,42.82,9,19.27,404.65,2019-02-05,15:26:00,Credit card,385.38,4.76,19.27,8.9,2,Terça-feira,15,Alto,True
378-07-7001,Cairo,Mandalay,Member,Male,Electronic accessories,48.09,3,7.21,151.48,2019-02-10,18:23:00,Credit card,144.27,4.76,7.21,7.8,2,Domingo,18,Médio,True
433-75-6987,Cairo,Mandalay,Member,Female,Health and beauty,55.97,7,19.59,411.38,2019-03-05,19:06:00,Ewallet,391.79,4.76,19.59,8.9,3,Terça-feira,19,Alto,True
873-95-4984,Cairo,Mandalay,Member,Female,Health and beauty,76.9,7,26.92,565.22,2019-02-15,20:21:00,Cash,538.3,4.76,26.92,7.7,2,Sexta-feira,20,Muito alto,True
416-13-5917,Giza,Naypyitaw,Normal,Female,Food and beverages,97.03,5,24.26,509.41,2019-01-30,16:24:00,Ewallet,485.15,4.76,24.26,9.3,1,Quarta-feira,16,Muito alto,True
150-89-8043,Alex,Yangon,Normal,Male,Sports and travel,44.65,3,6.7,140.65,2019-02-14,15:04:00,Cash,133.95,4.76,6.7,6.2,2,Quinta-feira,15,Médio,True
135-84-8019,Alex,Yangon,Normal,Female,Fashion accessories,77.93,9,35.07,736.44,2019-02-27,16:10:00,Ewallet,701.37,4.76,35.07,7.6,2,Quarta-feira,16,Muito alto,True
441-94-7118,Alex,Yangon,Member,Male,Electronic accessories,71.95,1,3.6,75.55,2019-02-04,12:14:00,Cash,71.95,4.76,3.6,7.3,2,Segunda-feira,12,Baixo,True
725-96-3778,Giza,Naypyitaw,Member,Female,Home and lifestyle,89.25,8,35.7,749.7,2019-01-20,10:13:00,Cash,714.0,4.76,35.7,4.7,1,Domingo,10,Muito alto,True
531-80-1784,Alex,Yangon,Normal,Male,Electronic accessories,26.02,7,9.11,191.25,2019-03-28,17:38:00,Cash,182.14,4.76,9.11,5.1,3,Quinta-feira,17,Médio,True
400-45-1220,Cairo,Mandalay,Normal,Female,Health and beauty,13.5,10,6.75,141.75,2019-02-27,11:06:00,Credit card,135.0,4.76,6.75,4.8,2,Quarta-feira,11,Médio,True
860-79-0874,Giza,Naypyitaw,Member,Female,Fashion accessories,99.3,10,49.65,1042.65,2019-02-15,14:53:00,Credit card,993.0,4.76,49.65,6.6,2,Sexta-feira,14,Muito alto,True
834-61-8124,Alex,Yangon,Normal,Male,Electronic accessories,51.69,7,18.09,379.92,2019-01-26,18:22:00,Cash,361.83,4.76,18.09,5.5,1,Sábado,18,Alto,True
115-99-4379,Cairo,Mandalay,Member,Female,Fashion accessories,54.73,7,19.16,402.27,2019-03-14,19:02:00,Credit card,383.11,4.76,19.16,8.5,3,Quinta-feira,19,Alto,True
565-67-6697,Cairo,Mandalay,Member,Male,Home and lifestyle,27.0,9,12.15,255.15,2019-03-02,14:16:00,Cash,243.0,4.76,12.15,4.8,3,Sábado,14,Alto,True
320-49-6392,Giza,Naypyitaw,Normal,Female,Electronic accessories,30.24,1,1.51,31.75,2019-03-04,15:44:00,Cash,30.24,4.76,1.51,8.4,3,Segunda-feira,15,Baixo,True
889-04-9723,Cairo,Mandalay,Member,Female,Food and beverages,89.14,4,17.83,374.39,2019-01-07,12:20:00,Credit card,356.56,4.76,17.83,7.8,1,Segunda-feira,12,Alto,True
632-90-0281,Giza,Naypyitaw,Normal,Female,Fashion accessories,37.55,10,18.77,394.28,2019-03-08,20:01:00,Credit card,375.5,4.76,18.77,9.3,3,Sexta-feira,20,Alto,True
554-42-2417,Giza,Naypyitaw,Normal,Female,Sports and travel,95.44,10,47.72,1002.12,2019-01-09,13:45:00,Cash,954.4,4.76,47.72,5.2,1,Quarta-feira,13,Muito alto,True
453-63-6187,Cairo,Mandalay,Normal,Male,Electronic accessories,27.5,3,4.12,86.62,2019-03-01,15:40:00,Ewallet,82.5,4.76,4.12,6.5,3,Sexta-feira,15,Baixo,True
578-80-7669,Cairo,Mandalay,Normal,Male,Sports and travel,74.97,1,3.75,78.72,2019-03-16,16:58:00,Cash,74.97,4.76,3.75,5.6,3,Sábado,16,Baixo,True
612-36-5536,Alex,Yangon,Member,Male,Food and beverages,80.96,8,32.38,680.06,2019-02-17,11:12:00,Credit card,647.68,4.76,32.38,7.4,2,Domingo,11,Muito alto,True
605-72-4132,Giza,Naypyitaw,Normal,Female,Food and beverages,94.47,8,37.79,793.55,2019-02-27,15:12:00,Cash,755.76,4.76,37.79,9.1,2,Quarta-feira,15,Muito alto,True
471-41-2823,Giza,Naypyitaw,Normal,Male,Food and beverages,99.79,2,9.98,209.56,2019-03-07,20:37:00,Ewallet,199.58,4.76,9.98,8.0,3,Quinta-feira,20,Médio,True
462-67-9126,Alex,Yangon,Normal,Male,Home and lifestyle,73.22,6,21.97,461.29,2019-01-21,17:44:00,Cash,439.32,4.76,21.97,7.2,1,Segunda-feira,17,Alto,True
272-27-9238,Giza,Naypyitaw,Normal,Female,Food and beverages,41.24,4,8.25,173.21,2019-02-19,16:23:00,Cash,164.96,4.76,8.25,7.1,2,Terça-feira,16,Médio,True
834-25-9262,Giza,Naypyitaw,Normal,Female,Fashion accessories,81.68,4,16.34,343.06,2019-01-06,12:12:00,Cash,326.72,4.76,16.34,9.1,1,Domingo,12,Alto,True
122-61-9553,Giza,Naypyitaw,Normal,Female,Electronic accessories,51.32,9,23.09,484.97,2019-03-14,19:33:00,Cash,461.88,4.76,23.09,5.6,3,Quinta-feira,19,Muito alto,True
468-88-0009,Alex,Yangon,Member,Male,Home and lifestyle,65.94,4,13.19,276.95,2019-03-24,10:29:00,Cash,263.76,4.76,13.19,6.0,3,Domingo,10,Alto,True
613-59-9758,Giza,Naypyitaw,Normal,Female,Sports and travel,14.36,10,7.18,150.78,2019-01-27,14:28:00,Cash,143.6,4.76,7.18,5.4,1,Domingo,14,Médio,True
254-31-0042,Alex,Yangon,Member,Male,Electronic accessories,21.5,9,9.68,203.18,2019-03-06,12:46:00,Credit card,193.5,4.76,9.68,7.8,3,Quarta-feira,12,Médio,True
201-86-2184,Cairo,Mandalay,Member,Female,Electronic accessories,26.26,7,9.19,193.01,2019-02-02,19:40:00,Cash,183.82,4.76,9.19,9.9,2,Sábado,19,Médio,True
261-12-8671,Cairo,Mandalay,Normal,Female,Fashion accessories,60.96,2,6.1,128.02,2019-01-25,19:39:00,Credit card,121.92,4.76,6.1,4.9,1,Sexta-feira,19,Médio,True
730-70-9830,Giza,Naypyitaw,Normal,Female,Home and lifestyle,70.11,6,21.03,441.69,2019-03-14,17:54:00,Ewallet,420.66,4.76,21.03,5.2,3,Quinta-feira,17,Alto,True
382-25-8917,Giza,Naypyitaw,Normal,Male,Fashion accessories,42.08,6,12.62,265.1,2019-01-29,12:25:00,Cash,252.48,4.76,12.62,8.9,1,Terça-feira,12,Alto,True
422-29-8786,Alex,Yangon,Normal,Female,Home and lifestyle,67.09,5,16.77,352.22,2019-01-03,16:47:00,Credit card,335.45,4.76,16.77,9.1,1,Quinta-feira,16,Alto,True
667-23-5919,Alex,Yangon,Member,Female,Fashion accessories,96.7,5,24.18,507.68,2019-01-14,12:52:00,Ewallet,483.5,4.76,24.18,7.0,1,Segunda-feira,12,Muito alto,True
843-01-4703,Cairo,Mandalay,Member,Female,Home and lifestyle,35.38,9,15.92,334.34,2019-01-05,19:50:00,Credit card,318.42,4.76,15.92,9.6,1,Sábado,19,Alto,True
743-88-1662,Giza,Naypyitaw,Normal,Male,Sports and travel,95.49,7,33.42,701.85,2019-02-22,18:17:00,Ewallet,668.43,4.76,33.42,8.7,2,Sexta-feira,18,Muito alto,True
595-86-2894,Giza,Naypyitaw,Member,Male,Fashion accessories,96.98,4,19.4,407.32,2019-02-06,17:20:00,Ewallet,387.92,4.76,19.4,9.4,2,Quarta-feira,17,Alto,True
182-69-8360,Cairo,Mandalay,Normal,Female,Electronic accessories,23.65,4,4.73,99.33,2019-01-30,13:32:00,Credit card,94.6,4.76,4.73,4.0,1,Quarta-feira,13,Baixo,True
289-15-7034,Alex,Yangon,Member,Male,Sports and travel,82.33,4,16.47,345.79,2019-01-11,10:37:00,Credit card,329.32,4.76,16.47,7.5,1,Sexta-feira,10,Alto,True
462-78-5240,Giza,Naypyitaw,Normal,Female,Electronic accessories,26.61,2,2.66,55.88,2019-03-19,14:35:00,Cash,53.22,4.76,2.66,4.2,3,Terça-feira,14,Baixo,True
868-52-7573,Cairo,Mandalay,Normal,Female,Food and beverages,99.69,5,24.92,523.37,2019-01-14,12:09:00,Cash,498.45,4.76,24.92,9.9,1,Segunda-feira,12,Muito alto,True
153-58-4872,Giza,Naypyitaw,Member,Female,Food and beverages,74.89,4,14.98,314.54,2019-03-01,15:32:00,Ewallet,299.56,4.76,14.98,4.2,3,Sexta-feira,15,Alto,True
662-72-2873,Alex,Yangon,Normal,Female,Food and beverages,40.94,5,10.24,214.94,2019-01-06,13:58:00,Ewallet,204.7,4.76,10.24,9.9,1,Domingo,13,Médio,True
525-88-7307,Cairo,Mandalay,Member,Male,Sports and travel,75.82,1,3.79,79.61,2019-01-31,13:19:00,Cash,75.82,4.76,3.79,5.8,1,Quinta-feira,13,Baixo,True
689-16-9784,Giza,Naypyitaw,Normal,Male,Food and beverages,46.77,6,14.03,294.65,2019-03-11,13:37:00,Cash,280.62,4.76,14.03,6.0,3,Segunda-feira,13,Alto,True
725-56-0833,Alex,Yangon,Normal,Female,Health and beauty,32.32,10,16.16,339.36,2019-02-20,16:49:00,Credit card,323.2,4.76,16.16,10.0,2,Quarta-feira,16,Alto,True
394-41-0748,Giza,Naypyitaw,Member,Female,Fashion accessories,54.07,9,24.33,510.96,2019-01-27,14:55:00,Ewallet,486.63,4.76,24.33,9.5,1,Domingo,14,Muito alto,True
596-42-3999,Cairo,Mandalay,Normal,Male,Food and beverages,18.22,7,6.38,133.92,2019-03-10,14:04:00,Credit card,127.54,4.76,6.38,6.6,3,Domingo,14,Médio,True
541-89-9860,Giza,Naypyitaw,Member,Female,Fashion accessories,80.48,3,12.07,253.51,2019-02-15,12:31:00,Cash,241.44,4.76,12.07,8.1,2,Sexta-feira,12,Médio,True
173-82-9529,Cairo,Mandalay,Normal,Female,Fashion accessories,37.95,10,18.98,398.48,2019-01-26,14:51:00,Cash,379.5,4.76,18.98,9.7,1,Sábado,14,Alto,True
563-36-9814,Alex,Yangon,Member,Male,Electronic accessories,76.82,1,3.84,80.66,2019-02-13,18:27:00,Ewallet,76.82,4.76,3.84,7.2,2,Quarta-feira,18,Baixo,True
308-47-4913,Alex,Yangon,Member,Female,Sports and travel,52.26,10,26.13,548.73,2019-03-09,12:45:00,Credit card,522.6,4.76,26.13,6.2,3,Sábado,12,Muito alto,True
885-17-6250,Alex,Yangon,Normal,Female,Health and beauty,79.74,1,3.99,83.73,2019-03-06,10:36:00,Ewallet,79.74,4.76,3.99,7.3,3,Quarta-feira,10,Baixo,True
726-27-2396,Alex,Yangon,Normal,Female,Health and beauty,77.5,5,19.38,406.88,2019-01-24,20:36:00,Ewallet,387.5,4.76,19.38,4.3,1,Quinta-feira,20,Alto,True
316-01-3952,Alex,Yangon,Normal,Female,Food and beverages,54.27,5,13.57,284.92,2019-03-13,14:16:00,Ewallet,271.35,4.76,13.57,4.6,3,Quarta-feira,14,Alto,True
760-54-1821,Cairo,Mandalay,Normal,Male,Home and lifestyle,13.59,9,6.12,128.43,2019-03-15,10:26:00,Cash,122.31,4.76,6.12,5.8,3,Sexta-feira,10,Médio,True
793-10-3222,Cairo,Mandalay,Member,Female,Health and beauty,41.06,6,12.32,258.68,2019-03-05,13:30:00,Credit card,246.36,4.76,12.32,8.3,3,Terça-feira,13,Alto,True
346-12-3257,Cairo,Mandalay,Member,Male,Electronic accessories,19.24,9,8.66,181.82,2019-03-04,16:28:00,Cash,173.16,4.76,8.66,8.0,3,Segunda-feira,16,Médio,True
110-05-6330,Giza,Naypyitaw,Normal,Female,Food and beverages,39.43,6,11.83,248.41,2019-03-25,20:18:00,Credit card,236.58,4.76,11.83,9.4,3,Segunda-feira,20,Médio,True
651-61-0874,Giza,Naypyitaw,Normal,Male,Home and lifestyle,46.22,4,9.24,194.12,2019-03-12,20:04:00,Credit card,184.88,4.76,9.24,6.2,3,Terça-feira,20,Médio,True
236-86-3015,Giza,Naypyitaw,Member,Male,Home and lifestyle,13.98,1,0.7,14.68,2019-02-04,13:38:00,Ewallet,13.98,4.76,0.7,9.8,2,Segunda-feira,13,Baixo,True
831-64-0259,Cairo,Mandalay,Normal,Female,Fashion accessories,39.75,5,9.94,208.69,2019-02-22,10:43:00,Ewallet,198.75,4.76,9.94,9.6,2,Sexta-feira,10,Médio,True
587-03-7455,Giza,Naypyitaw,Member,Female,Fashion accessories,97.79,7,34.23,718.76,2019-02-16,17:30:00,Ewallet,684.53,4.76,34.23,4.9,2,Sábado,17,Muito alto,True
882-40-4577,Alex,Yangon,Member,Male,Sports and travel,67.26,4,13.45,282.49,2019-01-19,15:28:00,Credit card,269.04,4.76,13.45,8.0,1,Sábado,15,Alto,True
732-67-5346,Alex,Yangon,Normal,Male,Food and beverages,13.79,5,3.45,72.4,2019-01-11,19:07:00,Credit card,68.95,4.76,3.45,7.8,1,Sexta-feira,19,Baixo,True
725-32-9708,Cairo,Mandalay,Member,Female,Fashion accessories,68.71,4,13.74,288.58,2019-01-04,19:01:00,Cash,274.84,4.76,13.74,4.1,1,Sexta-feira,19,Alto,True
256-08-8343,Alex,Yangon,Normal,Female,Home and lifestyle,56.53,4,11.31,237.43,2019-03-04,19:48:00,Ewallet,226.12,4.76,11.31,5.5,3,Segunda-feira,19,Médio,True
372-26-1506,Giza,Naypyitaw,Normal,Female,Fashion accessories,23.82,5,5.96,125.06,2019-01-28,19:24:00,Ewallet,119.1,4.76,5.96,5.4,1,Segunda-feira,19,Médio,True
244-08-0162,Cairo,Mandalay,Normal,Female,Health and beauty,34.21,10,17.1,359.2,2019-01-02,13:00:00,Cash,342.1,4.76,17.1,5.1,1,Quarta-feira,13,Alto,True
569-71-4390,Cairo,Mandalay,Normal,Male,Sports and travel,21.87,2,2.19,45.93,2019-01-25,14:29:00,Ewallet,43.74,4.76,2.19,6.9,1,Sexta-feira,14,Baixo,True
132-23-6451,Alex,Yangon,Member,Male,Health and beauty,20.97,5,5.24,110.09,2019-01-04,13:21:00,Cash,104.85,4.76,5.24,7.8,1,Sexta-feira,13,Baixo,True
696-90-2548,Alex,Yangon,Normal,Male,Sports and travel,25.84,3,3.88,81.4,2019-03-10,18:55:00,Ewallet,77.52,4.76,3.88,6.6,3,Domingo,18,Baixo,True
472-15-9636,Alex,Yangon,Normal,Male,Home and lifestyle,50.93,8,20.37,427.81,2019-03-22,19:36:00,Ewallet,407.44,4.76,20.37,9.2,3,Sexta-feira,19,Alto,True
268-03-6164,Cairo,Mandalay,Normal,Male,Health and beauty,96.11,1,4.81,100.92,2019-01-25,16:28:00,Ewallet,96.11,4.76,4.81,7.8,1,Sexta-feira,16,Baixo,True
750-57-9686,Giza,Naypyitaw,Normal,Female,Home and lifestyle,45.38,4,9.08,190.6,2019-01-08,13:48:00,Credit card,181.52,4.76,9.08,8.7,1,Terça-feira,13,Médio,True
186-09-3669,Giza,Naypyitaw,Member,Female,Health and beauty,81.51,1,4.08,85.59,2019-01-22,10:57:00,Ewallet,81.51,4.76,4.08,9.2,1,Terça-feira,10,Baixo,True
848-07-1692,Cairo,Mandalay,Normal,Female,Health and beauty,57.22,2,5.72,120.16,2019-01-12,17:13:00,Ewallet,114.44,4.76,5.72,8.3,1,Sábado,17,Baixo,True
745-71-3520,Alex,Yangon,Member,Female,Electronic accessories,25.22,7,8.83,185.37,2019-02-04,10:23:00,Cash,176.54,4.76,8.83,8.2,2,Segunda-feira,10,Médio,True
266-76-6436,Giza,Naypyitaw,Member,Female,Food and beverages,38.6,3,5.79,121.59,2019-03-28,13:57:00,Ewallet,115.8,4.76,5.79,7.5,3,Quinta-feira,13,Baixo,True
740-22-2500,Giza,Naypyitaw,Normal,Female,Electronic accessories,84.05,3,12.61,264.76,2019-01-23,13:29:00,Cash,252.15,4.76,12.61,9.8,1,Quarta-feira,13,Alto,True
271-88-8734,Giza,Naypyitaw,Member,Female,Fashion accessories,97.21,10,48.6,1020.7,2019-02-08,13:00:00,Credit card,972.1,4.76,48.6,8.7,2,Sexta-feira,13,Muito alto,True
301-81-8610,Cairo,Mandalay,Member,Male,Fashion accessories,25.42,8,10.17,213.53,2019-03-19,19:42:00,Credit card,203.36,4.76,10.17,6.7,3,Terça-feira,19,Médio,True
489-64-4354,Giza,Naypyitaw,Normal,Male,Fashion accessories,16.28,1,0.81,17.09,2019-03-09,15:36:00,Cash,16.28,4.76,0.81,5.0,3,Sábado,15,Baixo,True
198-84-7132,Cairo,Mandalay,Member,Male,Fashion accessories,40.61,9,18.27,383.76,2019-01-02,13:40:00,Cash,365.49,4.76,18.27,7.0,1,Quarta-feira,13,Alto,True
269-10-8440,Alex,Yangon,Member,Male,Health and beauty,53.17,7,18.61,390.8,2019-01-21,18:01:00,Cash,372.19,4.76,18.61,8.9,1,Segunda-feira,18,Alto,True
650-98-6268,Cairo,Mandalay,Member,Female,Food and beverages,20.87,3,3.13,65.74,2019-03-20,13:53:00,Credit card,62.61,4.76,3.13,8.0,3,Quarta-feira,13,Baixo,True
741-73-3559,Cairo,Mandalay,Normal,Male,Sports and travel,67.27,5,16.82,353.17,2019-02-27,17:27:00,Cash,336.35,4.76,16.82,6.9,2,Quarta-feira,17,Alto,True
325-77-6186,Alex,Yangon,Member,Female,Home and lifestyle,90.65,10,45.32,951.82,2019-03-08,10:53:00,Ewallet,906.5,4.76,45.32,7.3,3,Sexta-feira,10,Muito alto,True
286-75-7818,Cairo,Mandalay,Normal,Male,Fashion accessories,69.08,2,6.91,145.07,2019-01-31,19:48:00,Credit card,138.16,4.76,6.91,6.9,1,Quinta-feira,19,Médio,True
574-57-9721,Giza,Naypyitaw,Normal,Male,Food and beverages,43.27,2,4.33,90.87,2019-03-08,16:53:00,Ewallet,86.54,4.76,4.33,5.7,3,Sexta-feira,16,Baixo,True
459-50-7686,Alex,Yangon,Normal,Female,Electronic accessories,23.46,6,7.04,147.8,2019-01-13,19:14:00,Ewallet,140.76,4.76,7.04,6.4,1,Domingo,19,Médio,True
616-87-0016,Cairo,Mandalay,Normal,Male,Fashion accessories,95.54,7,33.44,702.22,2019-03-09,14:36:00,Credit card,668.78,4.76,33.44,9.6,3,Sábado,14,Muito alto,True
837-55-7229,Cairo,Mandalay,Normal,Female,Fashion accessories,47.44,1,2.37,49.81,2019-02-22,18:19:00,Credit card,47.44,4.76,2.37,6.8,2,Sexta-feira,18,Baixo,True
751-69-0068,Giza,Naypyitaw,Normal,Male,Sports and travel,99.24,9,44.66,937.82,2019-03-19,19:09:00,Ewallet,893.16,4.76,44.66,9.0,3,Terça-feira,19,Muito alto,True
257-73-1380,Giza,Naypyitaw,Member,Male,Sports and travel,82.93,4,16.59,348.31,2019-01-20,16:51:00,Ewallet,331.72,4.76,16.59,9.6,1,Domingo,16,Alto,True
345-08-4992,Alex,Yangon,Normal,Male,Home and lifestyle,33.99,6,10.2,214.14,2019-03-08,15:37:00,Credit card,203.94,4.76,10.2,7.7,3,Sexta-feira,15,Médio,True
549-96-4200,Giza,Naypyitaw,Member,Male,Food and beverages,17.04,4,3.41,71.57,2019-03-08,20:15:00,Ewallet,68.16,4.76,3.41,7.0,3,Sexta-feira,20,Baixo,True
810-60-6344,Giza,Naypyitaw,Normal,Female,Electronic accessories,40.86,8,16.34,343.22,2019-02-07,14:38:00,Credit card,326.88,4.76,16.34,6.5,2,Quinta-feira,14,Alto,True
450-28-2866,Giza,Naypyitaw,Member,Male,Food and beverages,17.44,5,4.36,91.56,2019-01-15,19:25:00,Cash,87.2,4.76,4.36,8.1,1,Terça-feira,19,Baixo,True
394-30-3170,Cairo,Mandalay,Member,Female,Sports and travel,88.43,8,35.37,742.81,2019-03-22,19:35:00,Credit card,707.44,4.76,35.37,4.3,3,Sexta-feira,19,Muito alto,True
138-17-5109,Alex,Yangon,Member,Female,Home and lifestyle,89.21,9,40.14,843.03,2019-01-15,15:42:00,Credit card,802.89,4.76,40.14,6.5,1,Terça-feira,15,Muito alto,True
192-98-7397,Giza,Naypyitaw,Normal,Male,Fashion accessories,12.78,1,0.64,13.42,2019-01-08,14:11:00,Ewallet,12.78,4.76,0.64,9.5,1,Terça-feira,14,Baixo,True
301-11-9629,Alex,Yangon,Normal,Female,Sports and travel,19.1,7,6.68,140.38,2019-01-15,10:43:00,Cash,133.7,4.76,6.68,9.7,1,Terça-feira,10,Médio,True
390-80-5128,Cairo,Mandalay,Member,Female,Health and beauty,19.15,1,0.96,20.11,2019-01-28,17:58:00,Credit card,19.15,4.76,0.96,9.5,1,Segunda-feira,17,Baixo,True
235-46-8343,Giza,Naypyitaw,Member,Male,Food and beverages,27.66,10,13.83,290.43,2019-02-14,11:26:00,Credit card,276.6,4.76,13.83,8.9,2,Quinta-feira,11,Alto,True
453-12-7053,Giza,Naypyitaw,Normal,Male,Fashion accessories,45.74,3,6.86,144.08,2019-03-10,17:38:00,Credit card,137.22,4.76,6.86,6.5,3,Domingo,17,Médio,True
296-11-7041,Cairo,Mandalay,Member,Female,Health and beauty,27.07,1,1.35,28.42,2019-01-12,20:07:00,Credit card,27.07,4.76,1.35,5.3,1,Sábado,20,Baixo,True
449-27-2918,Cairo,Mandalay,Member,Female,Sports and travel,39.12,1,1.96,41.08,2019-03-26,11:02:00,Credit card,39.12,4.76,1.96,9.6,3,Terça-feira,11,Baixo,True
891-01-7034,Cairo,Mandalay,Normal,Female,Electronic accessories,74.71,6,22.41,470.67,2019-01-01,19:07:00,Cash,448.26,4.76,22.41,6.7,1,Terça-feira,19,Alto,True
744-09-5786,Cairo,Mandalay,Normal,Male,Electronic accessories,22.01,6,6.6,138.66,2019-01-02,18:50:00,Cash,132.06,4.76,6.6,7.6,1,Quarta-feira,18,Médio,True
727-17-0390,Alex,Yangon,Normal,Female,Food and beverages,63.61,5,15.9,333.95,2019-03-16,12:43:00,Ewallet,318.05,4.76,15.9,4.8,3,Sábado,12,Alto,True
568-88-3448,Alex,Yangon,Normal,Male,Health and beauty,25.0,1,1.25,26.25,2019-03-03,15:09:00,Ewallet,25.0,4.76,1.25,5.5,3,Domingo,15,Baixo,True
187-83-5490,Alex,Yangon,Member,Male,Electronic accessories,20.77,4,4.15,87.23,2019-01-31,13:47:00,Cash,83.08,4.76,4.15,4.7,1,Quinta-feira,13,Baixo,True
767-54-1907,Cairo,Mandalay,Member,Female,Fashion accessories,29.56,5,7.39,155.19,2019-02-13,16:59:00,Cash,147.8,4.76,7.39,6.9,2,Quarta-feira,16,Médio,True
710-46-4433,Cairo,Mandalay,Member,Female,Food and beverages,77.4,9,34.83,731.43,2019-02-15,14:15:00,Credit card,696.6,4.76,34.83,4.5,2,Sexta-feira,14,Muito alto,True
533-33-5337,Cairo,Mandalay,Normal,Male,Electronic accessories,79.39,10,39.7,833.6,2019-02-07,20:24:00,Cash,793.9,4.76,39.7,6.2,2,Quinta-feira,20,Muito alto,True
325-90-8763,Giza,Naypyitaw,Member,Female,Electronic accessories,46.57,10,23.28,488.98,2019-01-27,13:58:00,Cash,465.7,4.76,23.28,7.6,1,Domingo,13,Muito alto,True
729-46-7422,Giza,Naypyitaw,Normal,Male,Food and beverages,35.89,1,1.79,37.68,2019-02-23,16:52:00,Credit card,35.89,4.76,1.79,7.9,2,Sábado,16,Baixo,True
639-76-1242,Giza,Naypyitaw,Normal,Male,Food and beverages,40.52,5,10.13,212.73,2019-02-03,15:19:00,Cash,202.6,4.76,10.13,4.5,2,Domingo,15,Médio,True
234-03-4040,Cairo,Mandalay,Member,Female,Food and beverages,73.05,10,36.52,767.02,2019-03-03,12:25:00,Credit card,730.5,4.76,36.52,8.7,3,Domingo,12,Muito alto,True
326-71-2155,Giza,Naypyitaw,Normal,Female,Sports and travel,73.95,4,14.79,310.59,2019-02-03,10:02:00,Cash,295.8,4.76,14.79,6.1,2,Domingo,10,Alto,True
320-32-8842,Giza,Naypyitaw,Member,Female,Food and beverages,22.62,1,1.13,23.75,2019-03-17,18:58:00,Cash,22.62,4.76,1.13,6.4,3,Domingo,18,Baixo,True
470-32-9057,Alex,Yangon,Member,Male,Food and beverages,51.34,5,12.84,269.54,2019-03-28,15:31:00,Credit card,256.7,4.76,12.84,9.1,3,Quinta-feira,15,Alto,True
878-30-2331,Giza,Naypyitaw,Member,Female,Sports and travel,54.55,10,27.28,572.78,2019-03-02,11:22:00,Credit card,545.5,4.76,27.28,7.1,3,Sábado,11,Muito alto,True
440-59-5691,Giza,Naypyitaw,Member,Female,Health and beauty,37.15,7,13.0,273.05,2019-02-08,13:12:00,Credit card,260.05,4.76,13.0,7.7,2,Sexta-feira,13,Alto,True
554-53-3790,Cairo,Mandalay,Normal,Male,Sports and travel,37.02,6,11.11,233.23,2019-03-22,18:33:00,Cash,222.12,4.76,11.11,4.5,3,Sexta-feira,18,Médio,True
746-19-0921,Giza,Naypyitaw,Normal,Male,Food and beverages,21.58,1,1.08,22.66,2019-02-09,10:02:00,Ewallet,21.58,4.76,1.08,7.2,2,Sábado,10,Baixo,True
233-34-0817,Giza,Naypyitaw,Member,Female,Electronic accessories,98.84,1,4.94,103.78,2019-02-15,11:21:00,Cash,98.84,4.76,4.94,8.4,2,Sexta-feira,11,Baixo,True
767-05-1286,Giza,Naypyitaw,Member,Female,Home and lifestyle,83.77,6,25.13,527.75,2019-01-23,12:10:00,Ewallet,502.62,4.76,25.13,5.4,1,Quarta-feira,12,Muito alto,True
340-21-9136,Alex,Yangon,Member,Female,Sports and travel,40.05,4,8.01,168.21,2019-01-25,11:40:00,Cash,160.2,4.76,8.01,9.7,1,Sexta-feira,11,Médio,True
405-31-3305,Alex,Yangon,Member,Male,Fashion accessories,43.13,10,21.56,452.86,2019-02-02,18:31:00,Credit card,431.3,4.76,21.56,5.5,2,Sábado,18,Alto,True
731-59-7531,Cairo,Mandalay,Member,Male,Health and beauty,72.57,8,29.03,609.59,2019-03-30,17:58:00,Cash,580.56,4.76,29.03,4.6,3,Sábado,17,Muito alto,True
676-39-6028,Alex,Yangon,Member,Female,Electronic accessories,64.44,5,16.11,338.31,2019-03-30,17:04:00,Cash,322.2,4.76,16.11,6.6,3,Sábado,17,Alto,True
502-05-1910,Alex,Yangon,Normal,Male,Health and beauty,65.18,3,9.78,205.32,2019-02-25,20:35:00,Credit card,195.54,4.76,9.78,6.3,2,Segunda-feira,20,Médio,True
485-30-8700,Alex,Yangon,Normal,Female,Sports and travel,33.26,5,8.32,174.62,2019-03-18,16:10:00,Credit card,166.3,4.76,8.32,4.2,3,Segunda-feira,16,Médio,True
598-47-9715,Giza,Naypyitaw,Normal,Male,Electronic accessories,84.07,4,16.81,353.09,2019-03-07,16:54:00,Ewallet,336.28,4.76,16.81,4.4,3,Quinta-feira,16,Alto,True
701-69-8742,Cairo,Mandalay,Normal,Male,Sports and travel,34.37,10,17.18,360.88,2019-03-16,10:11:00,Ewallet,343.7,4.76,17.18,6.7,3,Sábado,10,Alto,True
575-67-1508,Alex,Yangon,Normal,Male,Electronic accessories,38.6,1,1.93,40.53,2019-01-29,11:26:00,Ewallet,38.6,4.76,1.93,6.7,1,Terça-feira,11,Baixo,True
541-08-3113,Giza,Naypyitaw,Normal,Male,Food and beverages,65.97,8,26.39,554.15,2019-02-02,20:29:00,Cash,527.76,4.76,26.39,8.4,2,Sábado,20,Muito alto,True
246-11-3901,Giza,Naypyitaw,Normal,Female,Electronic accessories,32.8,10,16.4,344.4,2019-02-15,12:12:00,Cash,328.0,4.76,16.4,6.2,2,Sexta-feira,12,Alto,True
674-15-9296,Alex,Yangon,Normal,Male,Sports and travel,37.14,5,9.28,194.98,2019-01-08,13:05:00,Ewallet,185.7,4.76,9.28,5.0,1,Terça-feira,13,Médio,True
305-18-3552,Cairo,Mandalay,Member,Male,Home and lifestyle,60.38,10,30.19,633.99,2019-02-12,16:19:00,Cash,603.8,4.76,30.19,6.0,2,Terça-feira,16,Muito alto,True
493-65-6248,Giza,Naypyitaw,Member,Female,Sports and travel,36.98,10,18.49,388.29,2019-01-01,19:48:00,Credit card,369.8,4.76,18.49,7.0,1,Terça-feira,19,Alto,True
438-01-4015,Cairo,Mandalay,Member,Female,Sports and travel,49.49,4,9.9,207.86,2019-03-21,15:25:00,Ewallet,197.96,4.76,9.9,6.6,3,Quinta-feira,15,Médio,True
709-58-4068,Cairo,Mandalay,Normal,Female,Fashion accessories,41.09,10,20.54,431.44,2019-02-28,14:42:00,Cash,410.9,4.76,20.54,7.3,2,Quinta-feira,14,Alto,True
795-49-7276,Alex,Yangon,Normal,Male,Fashion accessories,37.15,4,7.43,156.03,2019-03-23,18:59:00,Ewallet,148.6,4.76,7.43,8.3,3,Sábado,18,Médio,True
556-72-8512,Giza,Naypyitaw,Normal,Male,Home and lifestyle,22.96,1,1.15,24.11,2019-01-30,20:47:00,Cash,22.96,4.76,1.15,4.3,1,Quarta-feira,20,Baixo,True
627-95-3243,Cairo,Mandalay,Member,Female,Home and lifestyle,77.68,9,34.96,734.08,2019-02-04,13:21:00,Ewallet,699.12,4.76,34.96,9.8,2,Segunda-feira,13,Muito alto,True
686-41-0932,Cairo,Mandalay,Normal,Female,Fashion accessories,34.7,2,3.47,72.87,2019-03-13,19:48:00,Ewallet,69.4,4.76,3.47,8.2,3,Quarta-feira,19,Baixo,True
510-09-5628,Alex,Yangon,Member,Female,Fashion accessories,19.66,10,9.83,206.43,2019-03-15,18:20:00,Credit card,196.6,4.76,9.83,7.2,3,Sexta-feira,18,Médio,True
608-04-3797,Cairo,Mandalay,Member,Female,Health and beauty,25.32,8,10.13,212.69,2019-03-05,20:24:00,Ewallet,202.56,4.76,10.13,8.7,3,Terça-feira,20,Médio,True
148-82-2527,Giza,Naypyitaw,Member,Female,Home and lifestyle,12.12,10,6.06,127.26,2019-03-05,13:44:00,Credit card,121.2,4.76,6.06,8.4,3,Terça-feira,13,Médio,True
437-53-3084,Cairo,Mandalay,Normal,Male,Fashion accessories,99.89,2,9.99,209.77,2019-02-26,11:48:00,Ewallet,199.78,4.76,9.99,7.1,2,Terça-feira,11,Médio,True
632-32-4574,Cairo,Mandalay,Normal,Male,Sports and travel,75.92,8,30.37,637.73,2019-03-20,14:14:00,Cash,607.36,4.76,30.37,5.5,3,Quarta-feira,14,Muito alto,True
556-97-7101,Giza,Naypyitaw,Normal,Female,Electronic accessories,63.22,2,6.32,132.76,2019-01-01,15:51:00,Cash,126.44,4.76,6.32,8.5,1,Terça-feira,15,Médio,True
862-59-8517,Giza,Naypyitaw,Normal,Female,Food and beverages,90.24,6,27.07,568.51,2019-01-27,11:17:00,Cash,541.44,4.76,27.07,6.2,1,Domingo,11,Muito alto,True
401-18-8016,Cairo,Mandalay,Member,Female,Sports and travel,98.13,1,4.91,103.04,2019-01-21,17:36:00,Cash,98.13,4.76,4.91,8.9,1,Segunda-feira,17,Baixo,True
420-18-8989,Alex,Yangon,Member,Female,Sports and travel,51.52,8,20.61,432.77,2019-02-02,15:47:00,Cash,412.16,4.76,20.61,9.6,2,Sábado,15,Alto,True
277-63-2961,Cairo,Mandalay,Member,Male,Sports and travel,73.97,1,3.7,77.67,2019-02-03,15:53:00,Credit card,73.97,4.76,3.7,5.4,2,Domingo,15,Baixo,True
573-98-8548,Giza,Naypyitaw,Member,Female,Fashion accessories,31.9,1,1.6,33.49,2019-01-05,12:40:00,Ewallet,31.9,4.76,1.6,9.1,1,Sábado,12,Baixo,True
620-02-2046,Giza,Naypyitaw,Normal,Male,Home and lifestyle,69.4,2,6.94,145.74,2019-01-27,19:48:00,Ewallet,138.8,4.76,6.94,9.0,1,Domingo,19,Médio,True
282-35-2475,Cairo,Mandalay,Normal,Female,Sports and travel,93.31,2,9.33,195.95,2019-03-25,17:53:00,Cash,186.62,4.76,9.33,6.3,3,Segunda-feira,17,Médio,True
511-54-3087,Cairo,Mandalay,Normal,Male,Sports and travel,88.45,1,4.42,92.87,2019-02-25,16:36:00,Credit card,88.45,4.76,4.42,9.5,2,Segunda-feira,16,Baixo,True
726-29-6793,Alex,Yangon,Member,Male,Electronic accessories,24.18,8,9.67,203.11,2019-01-28,20:54:00,Ewallet,193.44,4.76,9.67,9.8,1,Segunda-feira,20,Médio,True
387-49-4215,Cairo,Mandalay,Member,Female,Sports and travel,48.5,3,7.28,152.78,2019-01-08,12:50:00,Cash,145.5,4.76,7.28,6.7,1,Terça-feira,12,Médio,True
862-17-9201,Cairo,Mandalay,Normal,Female,Food and beverages,84.05,6,25.22,529.52,2019-01-29,10:48:00,Credit card,504.3,4.76,25.22,7.7,1,Terça-feira,10,Muito alto,True
291-21-5991,Cairo,Mandalay,Member,Male,Health and beauty,61.29,5,15.32,321.77,2019-03-29,14:28:00,Cash,306.45,4.76,15.32,7.0,3,Sexta-feira,14,Alto,True
602-80-9671,Giza,Naypyitaw,Member,Female,Home and lifestyle,15.95,6,4.78,100.48,2019-02-09,17:15:00,Credit card,95.7,4.76,4.78,5.1,2,Sábado,17,Baixo,True
347-72-6115,Cairo,Mandalay,Member,Female,Sports and travel,90.74,7,31.76,666.94,2019-01-16,18:03:00,Credit card,635.18,4.76,31.76,6.2,1,Quarta-feira,18,Muito alto,True
209-61-0206,Alex,Yangon,Normal,Female,Home and lifestyle,42.91,5,10.73,225.28,2019-01-05,17:29:00,Ewallet,214.55,4.76,10.73,6.1,1,Sábado,17,Médio,True
595-27-4851,Alex,Yangon,Normal,Female,Fashion accessories,54.28,7,19.0,398.96,2019-01-27,18:05:00,Ewallet,379.96,4.76,19.0,9.3,1,Domingo,18,Alto,True
189-52-0236,Alex,Yangon,Normal,Male,Electronic accessories,99.55,7,34.84,731.69,2019-03-14,12:07:00,Cash,696.85,4.76,34.84,7.6,3,Quinta-feira,12,Muito alto,True
503-07-0930,Giza,Naypyitaw,Member,Male,Sports and travel,58.39,7,20.44,429.17,2019-02-23,19:49:00,Credit card,408.73,4.76,20.44,8.2,2,Sábado,19,Alto,True
413-20-6708,Giza,Naypyitaw,Member,Female,Fashion accessories,51.47,1,2.57,54.04,2019-03-18,15:52:00,Ewallet,51.47,4.76,2.57,8.5,3,Segunda-feira,15,Baixo,True
425-85-2085,Cairo,Mandalay,Member,Male,Health and beauty,54.86,5,13.72,288.02,2019-03-29,16:48:00,Ewallet,274.3,4.76,13.72,9.8,3,Sexta-feira,16,Alto,True
521-18-7827,Giza,Naypyitaw,Member,Male,Home and lifestyle,39.39,5,9.85,206.8,2019-01-22,20:46:00,Credit card,196.95,4.76,9.85,8.7,1,Terça-feira,20,Médio,True
220-28-1851,Alex,Yangon,Normal,Male,Home and lifestyle,34.73,2,3.47,72.93,2019-03-01,18:14:00,Ewallet,69.46,4.76,3.47,9.7,3,Sexta-feira,18,Baixo,True
600-38-9738,Giza,Naypyitaw,Member,Male,Sports and travel,71.92,5,17.98,377.58,2019-01-17,15:05:00,Credit card,359.6,4.76,17.98,4.3,1,Quinta-feira,15,Alto,True
734-91-1155,Cairo,Mandalay,Normal,Female,Electronic accessories,45.71,3,6.86,143.99,2019-03-26,10:34:00,Credit card,137.13,4.76,6.86,7.7,3,Terça-feira,10,Médio,True
451-28-5717,Giza,Naypyitaw,Member,Female,Home and lifestyle,83.17,6,24.95,523.97,2019-03-20,11:23:00,Cash,499.02,4.76,24.95,7.3,3,Quarta-feira,11,Muito alto,True
609-81-8548,Alex,Yangon,Member,Female,Home and lifestyle,37.44,6,11.23,235.87,2019-02-06,13:55:00,Credit card,224.64,4.76,11.23,5.9,2,Quarta-feira,13,Médio,True
133-14-7229,Giza,Naypyitaw,Normal,Male,Health and beauty,62.87,2,6.29,132.03,2019-01-01,11:43:00,Cash,125.74,4.76,6.29,5.0,1,Terça-feira,11,Médio,True
534-01-4457,Alex,Yangon,Normal,Male,Food and beverages,81.71,6,24.51,514.77,2019-01-27,14:36:00,Credit card,490.26,4.76,24.51,8.0,1,Domingo,14,Muito alto,True
719-89-8991,Alex,Yangon,Member,Female,Sports and travel,91.41,5,22.85,479.9,2019-02-25,16:03:00,Ewallet,457.05,4.76,22.85,7.1,2,Segunda-feira,16,Muito alto,True
286-62-6248,Cairo,Mandalay,Normal,Male,Fashion accessories,39.21,4,7.84,164.68,2019-01-16,20:03:00,Credit card,156.84,4.76,7.84,9.0,1,Quarta-feira,20,Médio,True
339-38-9982,Cairo,Mandalay,Member,Male,Fashion accessories,59.86,2,5.99,125.71,2019-01-13,14:55:00,Ewallet,119.72,4.76,5.99,6.7,1,Domingo,14,Médio,True
827-44-5872,Cairo,Mandalay,Member,Female,Food and beverages,54.36,10,27.18,570.78,2019-02-07,11:28:00,Credit card,543.6,4.76,27.18,6.1,2,Quinta-feira,11,Muito alto,True
827-77-7633,Alex,Yangon,Normal,Male,Sports and travel,98.09,9,44.14,926.95,2019-02-17,19:41:00,Cash,882.81,4.76,44.14,9.3,2,Domingo,19,Muito alto,True
287-83-1405,Alex,Yangon,Normal,Male,Health and beauty,25.43,6,7.63,160.21,2019-02-12,19:01:00,Ewallet,152.58,4.76,7.63,7.0,2,Terça-feira,19,Médio,True
435-13-4908,Alex,Yangon,Member,Male,Fashion accessories,86.68,8,34.67,728.11,2019-01-24,18:04:00,Credit card,693.44,4.76,34.67,7.2,1,Quinta-feira,18,Muito alto,True
857-67-9057,Cairo,Mandalay,Normal,Male,Electronic accessories,22.95,10,11.48,240.98,2019-02-06,19:20:00,Ewallet,229.5,4.76,11.48,8.2,2,Quarta-feira,19,Médio,True
236-27-1144,Giza,Naypyitaw,Normal,Female,Food and beverages,16.31,9,7.34,154.13,2019-03-26,10:31:00,Ewallet,146.79,4.76,7.34,8.4,3,Terça-feira,10,Médio,True
892-05-6689,Alex,Yangon,Normal,Female,Home and lifestyle,28.32,5,7.08,148.68,2019-03-11,13:28:00,Ewallet,141.6,4.76,7.08,6.2,3,Segunda-feira,13,Médio,True
583-41-4548,Giza,Naypyitaw,Normal,Male,Home and lifestyle,16.67,7,5.83,122.52,2019-02-07,11:36:00,Ewallet,116.69,4.76,5.83,7.4,2,Quinta-feira,11,Baixo,True
339-12-4827,Cairo,Mandalay,Member,Female,Fashion accessories,73.96,1,3.7,77.66,2019-01-05,11:32:00,Credit card,73.96,4.76,3.7,5.0,1,Sábado,11,Baixo,True
643-38-7867,Alex,Yangon,Normal,Male,Home and lifestyle,97.94,1,4.9,102.84,2019-03-07,11:44:00,Ewallet,97.94,4.76,4.9,6.9,3,Quinta-feira,11,Baixo,True
308-81-0538,Alex,Yangon,Normal,Female,Fashion accessories,73.05,4,14.61,306.81,2019-02-25,17:16:00,Credit card,292.2,4.76,14.61,4.9,2,Segunda-feira,17,Alto,True
358-88-9262,Giza,Naypyitaw,Member,Female,Food and beverages,87.48,6,26.24,551.12,2019-02-01,18:43:00,Ewallet,524.88,4.76,26.24,5.1,2,Sexta-feira,18,Muito alto,True
460-35-4390,Alex,Yangon,Normal,Male,Home and lifestyle,30.68,3,4.6,96.64,2019-01-22,11:00:00,Ewallet,92.04,4.76,4.6,9.1,1,Terça-feira,11,Baixo,True
343-87-0864,Giza,Naypyitaw,Member,Male,Health and beauty,75.88,1,3.79,79.67,2019-01-03,10:30:00,Credit card,75.88,4.76,3.79,7.1,1,Quinta-feira,10,Baixo,True
173-50-1108,Cairo,Mandalay,Member,Female,Sports and travel,20.18,4,4.04,84.76,2019-02-13,12:14:00,Credit card,80.72,4.76,4.04,5.0,2,Quarta-feira,12,Baixo,True
243-47-2663,Giza,Naypyitaw,Member,Male,Electronic accessories,18.77,6,5.63,118.25,2019-01-28,16:43:00,Credit card,112.62,4.76,5.63,5.5,1,Segunda-feira,16,Baixo,True
841-18-8232,Cairo,Mandalay,Normal,Female,Food and beverages,71.2,1,3.56,74.76,2019-01-05,20:40:00,Credit card,71.2,4.76,3.56,9.2,1,Sábado,20,Baixo,True
701-23-5550,Cairo,Mandalay,Member,Male,Home and lifestyle,38.81,4,7.76,163.0,2019-03-19,13:40:00,Ewallet,155.24,4.76,7.76,4.9,3,Terça-feira,13,Médio,True
647-50-1224,Alex,Yangon,Normal,Female,Fashion accessories,29.42,10,14.71,308.91,2019-01-12,16:23:00,Ewallet,294.2,4.76,14.71,8.9,1,Sábado,16,Alto,True
541-48-8554,Alex,Yangon,Normal,Male,Sports and travel,60.95,9,27.43,575.98,2019-01-07,12:08:00,Credit card,548.55,4.76,27.43,6.0,1,Segunda-feira,12,Muito alto,True
539-21-7227,Cairo,Mandalay,Normal,Female,Sports and travel,51.54,5,12.88,270.58,2019-01-26,17:45:00,Cash,257.7,4.76,12.88,4.2,1,Sábado,17,Alto,True
213-32-1216,Alex,Yangon,Normal,Female,Electronic accessories,66.06,6,19.82,416.18,2019-01-23,10:28:00,Cash,396.36,4.76,19.82,7.3,1,Quarta-feira,10,Alto,True
747-58-7183,Cairo,Mandalay,Normal,Male,Fashion accessories,57.27,3,8.59,180.4,2019-02-09,20:31:00,Ewallet,171.81,4.76,8.59,6.5,2,Sábado,20,Médio,True
582-52-8065,Cairo,Mandalay,Normal,Female,Fashion accessories,54.31,9,24.44,513.23,2019-02-22,10:49:00,Cash,488.79,4.76,24.44,8.9,2,Sexta-feira,10,Muito alto,True
210-57-1719,Cairo,Mandalay,Normal,Female,Health and beauty,58.24,9,26.21,550.37,2019-02-05,12:34:00,Cash,524.16,4.76,26.21,9.7,2,Terça-feira,12,Muito alto,True
399-69-4630,Giza,Naypyitaw,Normal,Male,Electronic accessories,22.21,6,6.66,139.92,2019-03-07,10:23:00,Credit card,133.26,4.76,6.66,8.6,3,Quinta-feira,10,Médio,True
134-75-2619,Alex,Yangon,Member,Male,Electronic accessories,19.32,7,6.76,142.0,2019-03-25,18:51:00,Cash,135.24,4.76,6.76,6.9,3,Segunda-feira,18,Médio,True
356-44-8813,Cairo,Mandalay,Normal,Male,Home and lifestyle,37.48,3,5.62,118.06,2019-01-20,13:45:00,Credit card,112.44,4.76,5.62,7.7,1,Domingo,13,Baixo,True
198-66-9832,Cairo,Mandalay,Member,Female,Fashion accessories,72.04,2,7.2,151.28,2019-02-04,19:38:00,Cash,144.08,4.76,7.2,9.5,2,Segunda-feira,19,Médio,True
283-26-5248,Giza,Naypyitaw,Member,Female,Food and beverages,98.52,10,49.26,1034.46,2019-01-30,20:23:00,Ewallet,985.2,4.76,49.26,4.5,1,Quarta-feira,20,Muito alto,True
712-39-0363,Alex,Yangon,Member,Male,Food and beverages,41.66,6,12.5,262.46,2019-01-02,15:24:00,Ewallet,249.96,4.76,12.5,5.6,1,Quarta-feira,15,Alto,True
218-59-9410,Alex,Yangon,Member,Female,Home and lifestyle,72.42,3,10.86,228.12,2019-03-29,16:54:00,Ewallet,217.26,4.76,10.86,8.2,3,Sexta-feira,16,Médio,True
174-75-0888,Cairo,Mandalay,Normal,Male,Electronic accessories,21.58,9,9.71,203.93,2019-03-14,12:32:00,Cash,194.22,4.76,9.71,7.3,3,Quinta-feira,12,Médio,True
866-99-7614,Giza,Naypyitaw,Normal,Male,Food and beverages,89.2,10,44.6,936.6,2019-02-11,15:42:00,Credit card,892.0,4.76,44.6,4.4,2,Segunda-feira,15,Muito alto,True
134-54-4720,Cairo,Mandalay,Normal,Female,Electronic accessories,42.42,8,16.97,356.33,2019-01-30,13:58:00,Ewallet,339.36,4.76,16.97,5.7,1,Quarta-feira,13,Alto,True
760-90-2357,Alex,Yangon,Member,Male,Electronic accessories,74.51,6,22.35,469.41,2019-03-20,15:08:00,Ewallet,447.06,4.76,22.35,5.0,3,Quarta-feira,15,Alto,True
514-37-2845,Cairo,Mandalay,Normal,Male,Fashion accessories,99.25,2,9.93,208.42,2019-03-20,13:02:00,Cash,198.5,4.76,9.93,9.0,3,Quarta-feira,13,Médio,True
698-98-5964,Alex,Yangon,Normal,Female,Food and beverages,81.21,10,40.6,852.7,2019-01-17,13:01:00,Credit card,812.1,4.76,40.6,6.3,1,Quinta-feira,13,Muito alto,True
718-57-9773,Giza,Naypyitaw,Normal,Female,Sports and travel,49.33,10,24.66,517.96,2019-02-03,16:40:00,Credit card,493.3,4.76,24.66,9.4,2,Domingo,16,Muito alto,True
651-88-7328,Alex,Yangon,Normal,Female,Fashion accessories,65.74,9,29.58,621.24,2019-01-01,13:55:00,Cash,591.66,4.76,29.58,7.7,1,Terça-feira,13,Muito alto,True
241-11-2261,Cairo,Mandalay,Normal,Female,Fashion accessories,79.86,7,27.95,586.97,2019-01-10,10:33:00,Credit card,559.02,4.76,27.95,5.5,1,Quinta-feira,10,Muito alto,True
408-26-9866,Giza,Naypyitaw,Normal,Female,Sports and travel,73.98,7,25.89,543.75,2019-03-02,16:42:00,Ewallet,517.86,4.76,25.89,4.1,3,Sábado,16,Muito alto,True
834-83-1826,Cairo,Mandalay,Member,Female,Home and lifestyle,82.04,5,20.51,430.71,2019-02-25,17:16:00,Credit card,410.2,4.76,20.51,7.6,2,Segunda-feira,17,Alto,True
343-61-3544,Cairo,Mandalay,Member,Male,Sports and travel,26.67,10,13.34,280.04,2019-01-29,11:48:00,Cash,266.7,4.76,13.34,8.6,1,Terça-feira,11,Alto,True
239-48-4278,Alex,Yangon,Member,Male,Food and beverages,10.13,7,3.55,74.46,2019-03-10,19:35:00,Ewallet,70.91,4.76,3.55,8.3,3,Domingo,19,Baixo,True
355-34-6244,Cairo,Mandalay,Normal,Male,Food and beverages,72.39,2,7.24,152.02,2019-01-13,19:55:00,Credit card,144.78,4.76,7.24,8.1,1,Domingo,19,Médio,True
550-84-8664,Alex,Yangon,Normal,Male,Sports and travel,85.91,5,21.48,451.03,2019-03-22,14:33:00,Credit card,429.55,4.76,21.48,8.6,3,Sexta-feira,14,Alto,True
339-96-8318,Cairo,Mandalay,Member,Male,Fashion accessories,81.31,7,28.46,597.63,2019-03-01,19:49:00,Ewallet,569.17,4.76,28.46,6.3,3,Sexta-feira,19,Muito alto,True
458-61-0011,Cairo,Mandalay,Normal,Male,Food and beverages,60.3,4,12.06,253.26,2019-02-20,18:43:00,Cash,241.2,4.76,12.06,5.8,2,Quarta-feira,18,Médio,True
592-34-6155,Giza,Naypyitaw,Normal,Male,Food and beverages,31.77,4,6.35,133.43,2019-01-14,14:43:00,Ewallet,127.08,4.76,6.35,6.2,1,Segunda-feira,14,Médio,True
797-88-0493,Alex,Yangon,Normal,Female,Health and beauty,64.27,4,12.85,269.93,2019-03-26,13:54:00,Cash,257.08,4.76,12.85,7.7,3,Terça-feira,13,Alto,True
207-73-1363,Cairo,Mandalay,Normal,Male,Health and beauty,69.51,2,6.95,145.97,2019-03-01,12:15:00,Ewallet,139.02,4.76,6.95,8.1,3,Sexta-feira,12,Médio,True
390-31-6381,Giza,Naypyitaw,Normal,Male,Food and beverages,27.22,3,4.08,85.74,2019-01-07,12:37:00,Cash,81.66,4.76,4.08,7.3,1,Segunda-feira,12,Baixo,True
443-82-0585,Alex,Yangon,Member,Female,Health and beauty,77.68,4,15.54,326.26,2019-02-01,19:54:00,Cash,310.72,4.76,15.54,8.4,2,Sexta-feira,19,Alto,True
339-18-7061,Giza,Naypyitaw,Member,Female,Fashion accessories,92.98,2,9.3,195.26,2019-02-13,15:06:00,Credit card,185.96,4.76,9.3,8.0,2,Quarta-feira,15,Médio,True
359-90-3665,Cairo,Mandalay,Member,Female,Fashion accessories,18.08,4,3.62,75.94,2019-01-14,18:03:00,Credit card,72.32,4.76,3.62,9.5,1,Segunda-feira,18,Baixo,True
375-72-3056,Cairo,Mandalay,Normal,Male,Sports and travel,63.06,3,9.46,198.64,2019-01-19,15:58:00,Ewallet,189.18,4.76,9.46,7.0,1,Sábado,15,Médio,True
127-47-6963,Alex,Yangon,Normal,Male,Health and beauty,51.71,4,10.34,217.18,2019-03-09,13:53:00,Credit card,206.84,4.76,10.34,9.8,3,Sábado,13,Médio,True
278-86-2735,Alex,Yangon,Normal,Female,Food and beverages,52.34,3,7.85,164.87,2019-03-27,14:03:00,Cash,157.02,4.76,7.85,9.2,3,Quarta-feira,14,Médio,True
695-28-6250,Alex,Yangon,Normal,Female,Sports and travel,43.06,5,10.76,226.06,2019-02-04,16:38:00,Ewallet,215.3,4.76,10.76,7.7,2,Segunda-feira,16,Médio,True
379-17-6588,Giza,Naypyitaw,Normal,Male,Fashion accessories,59.61,10,29.8,625.9,2019-03-14,11:07:00,Cash,596.1,4.76,29.8,5.3,3,Quinta-feira,11,Muito alto,True
227-50-3718,Alex,Yangon,Normal,Male,Health and beauty,14.62,5,3.66,76.76,2019-03-04,12:23:00,Cash,73.1,4.76,3.66,4.4,3,Segunda-feira,12,Baixo,True
302-15-2162,Giza,Naypyitaw,Member,Male,Health and beauty,46.53,6,13.96,293.14,2019-03-03,10:54:00,Credit card,279.18,4.76,13.96,4.3,3,Domingo,10,Alto,True
788-07-8452,Giza,Naypyitaw,Member,Female,Home and lifestyle,24.24,7,8.48,178.16,2019-01-27,17:38:00,Ewallet,169.68,4.76,8.48,9.4,1,Domingo,17,Médio,True
560-49-6611,Alex,Yangon,Member,Female,Sports and travel,45.58,1,2.28,47.86,2019-02-07,14:13:00,Cash,45.58,4.76,2.28,9.8,2,Quinta-feira,14,Baixo,True
880-35-0356,Alex,Yangon,Member,Female,Sports and travel,75.2,3,11.28,236.88,2019-02-05,11:51:00,Ewallet,225.6,4.76,11.28,4.8,2,Terça-feira,11,Médio,True
585-11-6748,Cairo,Mandalay,Member,Male,Sports and travel,96.8,3,14.52,304.92,2019-03-15,13:05:00,Cash,290.4,4.76,14.52,5.3,3,Sexta-feira,13,Alto,True
470-31-3286,Cairo,Mandalay,Normal,Male,Health and beauty,14.82,3,2.22,46.68,2019-03-01,11:30:00,Credit card,44.46,4.76,2.22,8.7,3,Sexta-feira,11,Baixo,True
152-68-2907,Alex,Yangon,Normal,Male,Food and beverages,52.2,3,7.83,164.43,2019-02-15,13:30:00,Credit card,156.6,4.76,7.83,9.5,2,Sexta-feira,13,Médio,True
123-35-4896,Giza,Naypyitaw,Normal,Female,Sports and travel,46.66,9,21.0,440.94,2019-02-17,19:11:00,Ewallet,419.94,4.76,21.0,5.3,2,Domingo,19,Alto,True
258-69-7810,Giza,Naypyitaw,Normal,Female,Fashion accessories,36.85,5,9.21,193.46,2019-01-26,18:53:00,Cash,184.25,4.76,9.21,9.2,1,Sábado,18,Médio,True
334-64-2006,Alex,Yangon,Member,Female,Home and lifestyle,70.32,2,7.03,147.67,2019-03-24,14:22:00,Ewallet,140.64,4.76,7.03,9.6,3,Domingo,14,Médio,True
219-61-4139,Giza,Naypyitaw,Normal,Male,Electronic accessories,83.08,1,4.15,87.23,2019-01-23,17:16:00,Ewallet,83.08,4.76,4.15,6.4,1,Quarta-feira,17,Baixo,True
881-41-7302,Giza,Naypyitaw,Normal,Female,Fashion accessories,64.99,1,3.25,68.24,2019-01-26,10:06:00,Credit card,64.99,4.76,3.25,4.5,1,Sábado,10,Baixo,True
373-09-4567,Giza,Naypyitaw,Normal,Male,Food and beverages,77.56,10,38.78,814.38,2019-03-14,20:35:00,Ewallet,775.6,4.76,38.78,6.9,3,Quinta-feira,20,Muito alto,True
642-30-6693,Cairo,Mandalay,Normal,Female,Sports and travel,54.51,6,16.35,343.41,2019-03-17,13:54:00,Ewallet,327.06,4.76,16.35,7.8,3,Domingo,13,Alto,True
484-22-8230,Giza,Naypyitaw,Member,Female,Fashion accessories,51.89,7,18.16,381.39,2019-01-08,20:08:00,Cash,363.23,4.76,18.16,4.5,1,Terça-feira,20,Alto,True
830-58-2383,Cairo,Mandalay,Normal,Male,Home and lifestyle,31.75,4,6.35,133.35,2019-02-08,15:26:00,Cash,127.0,4.76,6.35,8.6,2,Sexta-feira,15,Médio,True
559-98-9873,Alex,Yangon,Member,Female,Fashion accessories,53.65,7,18.78,394.33,2019-02-10,12:56:00,Ewallet,375.55,4.76,18.78,5.2,2,Domingo,12,Alto,True
544-32-5024,Giza,Naypyitaw,Member,Female,Food and beverages,49.79,4,9.96,209.12,2019-03-28,19:16:00,Credit card,199.16,4.76,9.96,6.4,3,Quinta-feira,19,Médio,True
318-12-0304,Alex,Yangon,Normal,Male,Fashion accessories,30.61,1,1.53,32.14,2019-01-23,12:20:00,Ewallet,30.61,4.76,1.53,5.2,1,Quarta-feira,12,Baixo,True
349-97-8902,Cairo,Mandalay,Member,Male,Food and beverages,57.89,2,5.79,121.57,2019-01-17,10:37:00,Ewallet,115.78,4.76,5.79,8.9,1,Quinta-feira,10,Baixo,True
421-95-9805,Alex,Yangon,Normal,Female,Electronic accessories,28.96,1,1.45,30.41,2019-02-07,10:18:00,Credit card,28.96,4.76,1.45,6.2,2,Quinta-feira,10,Baixo,True
277-35-5865,Giza,Naypyitaw,Member,Female,Food and beverages,98.97,9,44.54,935.27,2019-03-09,11:23:00,Cash,890.73,4.76,44.54,6.7,3,Sábado,11,Muito alto,True
789-23-8625,Cairo,Mandalay,Member,Male,Fashion accessories,93.22,3,13.98,293.64,2019-01-24,11:45:00,Cash,279.66,4.76,13.98,7.2,1,Quinta-feira,11,Alto,True
284-54-4231,Giza,Naypyitaw,Member,Male,Sports and travel,80.93,1,4.05,84.98,2019-01-19,16:08:00,Credit card,80.93,4.76,4.05,9.0,1,Sábado,16,Baixo,True
443-59-0061,Alex,Yangon,Member,Male,Food and beverages,67.45,10,33.72,708.22,2019-02-03,11:25:00,Ewallet,674.5,4.76,33.72,4.2,2,Domingo,11,Muito alto,True
509-29-3912,Alex,Yangon,Member,Female,Sports and travel,38.72,9,17.42,365.9,2019-03-20,12:24:00,Ewallet,348.48,4.76,17.42,4.2,3,Quarta-feira,12,Alto,True
327-40-9673,Cairo,Mandalay,Member,Male,Sports and travel,72.6,6,21.78,457.38,2019-01-13,19:51:00,Cash,435.6,4.76,21.78,6.9,1,Domingo,19,Alto,True
840-19-2096,Giza,Naypyitaw,Member,Male,Electronic accessories,87.91,5,21.98,461.53,2019-03-14,18:10:00,Ewallet,439.55,4.76,21.98,4.4,3,Quinta-feira,18,Alto,True
828-46-6863,Alex,Yangon,Member,Male,Food and beverages,98.53,6,29.56,620.74,2019-01-23,11:22:00,Credit card,591.18,4.76,29.56,4.0,1,Quarta-feira,11,Muito alto,True
641-96-3695,Giza,Naypyitaw,Member,Female,Fashion accessories,43.46,6,13.04,273.8,2019-02-07,17:55:00,Ewallet,260.76,4.76,13.04,8.5,2,Quinta-feira,17,Alto,True
420-97-3340,Alex,Yangon,Normal,Female,Food and beverages,71.68,3,10.75,225.79,2019-03-28,15:30:00,Credit card,215.04,4.76,10.75,9.2,3,Quinta-feira,15,Médio,True
436-54-4512,Alex,Yangon,Member,Female,Food and beverages,91.61,1,4.58,96.19,2019-03-20,19:44:00,Cash,91.61,4.76,4.58,9.8,3,Quarta-feira,19,Baixo,True
670-79-6321,Cairo,Mandalay,Member,Female,Home and lifestyle,94.59,7,33.11,695.24,2019-01-17,15:27:00,Credit card,662.13,4.76,33.11,4.9,1,Quinta-feira,15,Muito alto,True
852-62-7105,Cairo,Mandalay,Normal,Female,Fashion accessories,83.25,10,41.62,874.12,2019-01-12,11:25:00,Credit card,832.5,4.76,41.62,4.4,1,Sábado,11,Muito alto,True
598-06-7312,Cairo,Mandalay,Member,Male,Fashion accessories,91.35,1,4.57,95.92,2019-02-16,15:42:00,Cash,91.35,4.76,4.57,6.8,2,Sábado,15,Baixo,True
135-13-8269,Cairo,Mandalay,Member,Female,Food and beverages,78.88,2,7.89,165.65,2019-01-26,16:04:00,Cash,157.76,4.76,7.89,9.1,1,Sábado,16,Médio,True
816-57-2053,Alex,Yangon,Normal,Male,Sports and travel,60.87,2,6.09,127.83,2019-03-09,12:37:00,Ewallet,121.74,4.76,6.09,8.7,3,Sábado,12,Médio,True
628-90-8624,Cairo,Mandalay,Member,Male,Health and beauty,82.58,10,41.29,867.09,2019-03-14,14:41:00,Cash,825.8,4.76,41.29,5.0,3,Quinta-feira,14,Muito alto,True
856-66-2701,Alex,Yangon,Member,Male,Home and lifestyle,53.3,3,8.0,167.9,2019-01-25,14:19:00,Ewallet,159.9,4.76,8.0,7.5,1,Sexta-feira,14,Médio,True
308-39-1707,Alex,Yangon,Normal,Female,Fashion accessories,12.09,1,0.6,12.69,2019-01-26,18:19:00,Credit card,12.09,4.76,0.6,8.2,1,Sábado,18,Baixo,True
149-61-1929,Alex,Yangon,Normal,Male,Sports and travel,64.19,10,32.1,674.0,2019-01-19,14:08:00,Credit card,641.9,4.76,32.1,6.7,1,Sábado,14,Muito alto,True
655-07-2265,Alex,Yangon,Normal,Male,Electronic accessories,78.31,3,11.75,246.68,2019-03-05,16:38:00,Ewallet,234.93,4.76,11.75,5.4,3,Terça-feira,16,Médio,True
589-02-8023,Alex,Yangon,Member,Male,Food and beverages,83.77,2,8.38,175.92,2019-01-15,10:54:00,Credit card,167.54,4.76,8.38,7.0,1,Terça-feira,10,Médio,True
420-04-7590,Cairo,Mandalay,Normal,Male,Home and lifestyle,99.7,3,14.96,314.06,2019-03-18,11:29:00,Ewallet,299.1,4.76,14.96,4.7,3,Segunda-feira,11,Alto,True
182-88-2763,Cairo,Mandalay,Member,Male,Food and beverages,79.91,3,11.99,251.72,2019-03-20,19:28:00,Credit card,239.73,4.76,11.99,5.0,3,Quarta-feira,19,Médio,True
188-55-0967,Cairo,Mandalay,Member,Male,Health and beauty,66.47,10,33.24,697.94,2019-01-15,15:01:00,Credit card,664.7,4.76,33.24,5.0,1,Terça-feira,15,Muito alto,True
610-46-4100,Alex,Yangon,Normal,Male,Health and beauty,28.95,7,10.13,212.78,2019-03-03,20:31:00,Credit card,202.65,4.76,10.13,6.0,3,Domingo,20,Médio,True
318-81-2368,Giza,Naypyitaw,Normal,Female,Electronic accessories,46.2,1,2.31,48.51,2019-03-19,12:16:00,Cash,46.2,4.76,2.31,6.3,3,Terça-feira,12,Baixo,True
364-33-8584,Cairo,Mandalay,Member,Female,Food and beverages,17.63,5,4.41,92.56,2019-03-08,15:27:00,Cash,88.15,4.76,4.41,8.5,3,Sexta-feira,15,Baixo,True
665-63-9737,Cairo,Mandalay,Normal,Male,Fashion accessories,52.42,3,7.86,165.12,2019-02-27,17:36:00,Ewallet,157.26,4.76,7.86,7.5,2,Quarta-feira,17,Médio,True
695-09-5146,Cairo,Mandalay,Member,Female,Food and beverages,98.79,3,14.82,311.19,2019-02-23,20:00:00,Ewallet,296.37,4.76,14.82,6.4,2,Sábado,20,Alto,True
155-45-3814,Giza,Naypyitaw,Member,Female,Electronic accessories,88.55,8,35.42,743.82,2019-03-19,15:29:00,Ewallet,708.4,4.76,35.42,4.7,3,Terça-feira,15,Muito alto,True
794-32-2436,Cairo,Mandalay,Member,Male,Electronic accessories,55.67,2,5.57,116.91,2019-03-27,15:08:00,Ewallet,111.34,4.76,5.57,6.0,3,Quarta-feira,15,Baixo,True
131-15-8856,Giza,Naypyitaw,Member,Female,Food and beverages,72.52,8,29.01,609.17,2019-03-30,19:26:00,Credit card,580.16,4.76,29.01,4.0,3,Sábado,19,Muito alto,True
273-84-2164,Giza,Naypyitaw,Member,Male,Electronic accessories,12.05,5,3.01,63.26,2019-02-16,15:53:00,Ewallet,60.25,4.76,3.01,5.5,2,Sábado,15,Baixo,True
706-36-6154,Alex,Yangon,Member,Male,Home and lifestyle,19.36,9,8.71,182.95,2019-01-18,18:43:00,Ewallet,174.24,4.76,8.71,8.7,1,Sexta-feira,18,Médio,True
778-89-7974,Giza,Naypyitaw,Normal,Male,Health and beauty,70.21,6,21.06,442.32,2019-03-30,14:58:00,Cash,421.26,4.76,21.06,7.4,3,Sábado,14,Alto,True
574-31-8277,Cairo,Mandalay,Member,Male,Fashion accessories,33.63,1,1.68,35.31,2019-03-20,19:55:00,Cash,33.63,4.76,1.68,5.6,3,Quarta-feira,19,Baixo,True
859-71-0933,Giza,Naypyitaw,Member,Female,Sports and travel,15.49,2,1.55,32.53,2019-01-16,15:10:00,Cash,30.98,4.76,1.55,6.3,1,Quarta-feira,15,Baixo,True
740-11-5257,Giza,Naypyitaw,Normal,Male,Electronic accessories,24.74,10,12.37,259.77,2019-02-24,16:44:00,Cash,247.4,4.76,12.37,7.1,2,Domingo,16,Alto,True
369-82-2676,Cairo,Mandalay,Normal,Male,Electronic accessories,75.66,5,18.92,397.22,2019-01-15,18:22:00,Ewallet,378.3,4.76,18.92,7.8,1,Terça-feira,18,Alto,True
563-47-4072,Cairo,Mandalay,Normal,Female,Health and beauty,55.81,6,16.74,351.6,2019-01-22,11:52:00,Cash,334.86,4.76,16.74,9.9,1,Terça-feira,11,Alto,True
742-04-5161,Alex,Yangon,Member,Male,Home and lifestyle,72.78,10,36.39,764.19,2019-02-03,17:24:00,Cash,727.8,4.76,36.39,7.3,2,Domingo,17,Muito alto,True
149-15-7606,Cairo,Mandalay,Member,Male,Sports and travel,37.32,9,16.79,352.67,2019-03-06,15:31:00,Ewallet,335.88,4.76,16.79,5.1,3,Quarta-feira,15,Alto,True
133-77-3154,Cairo,Mandalay,Member,Male,Fashion accessories,60.18,4,12.04,252.76,2019-02-16,18:04:00,Credit card,240.72,4.76,12.04,9.4,2,Sábado,18,Médio,True
169-52-4504,Alex,Yangon,Normal,Female,Electronic accessories,15.69,3,2.35,49.42,2019-03-14,14:13:00,Credit card,47.07,4.76,2.35,5.8,3,Quinta-feira,14,Baixo,True
250-81-7186,Giza,Naypyitaw,Normal,Female,Electronic accessories,99.69,1,4.98,104.67,2019-02-27,10:23:00,Credit card,99.69,4.76,4.98,8.0,2,Quarta-feira,10,Baixo,True
562-12-5430,Alex,Yangon,Member,Female,Fashion accessories,88.15,3,13.22,277.67,2019-01-18,10:11:00,Ewallet,264.45,4.76,13.22,7.9,1,Sexta-feira,10,Alto,True
816-72-8853,Alex,Yangon,Member,Female,Sports and travel,27.93,5,6.98,146.63,2019-01-29,15:48:00,Cash,139.65,4.76,6.98,5.9,1,Terça-feira,15,Médio,True
491-38-3499,Alex,Yangon,Member,Male,Fashion accessories,55.45,1,2.77,58.22,2019-02-26,17:46:00,Credit card,55.45,4.76,2.77,4.9,2,Terça-feira,17,Baixo,True
322-02-2271,Cairo,Mandalay,Normal,Female,Sports and travel,42.97,3,6.45,135.36,2019-02-03,11:46:00,Cash,128.91,4.76,6.45,9.3,2,Domingo,11,Médio,True
842-29-4695,Giza,Naypyitaw,Member,Male,Sports and travel,17.14,7,6.0,125.98,2019-01-16,12:07:00,Credit card,119.98,4.76,6.0,7.9,1,Quarta-feira,12,Médio,True
725-67-2480,Cairo,Mandalay,Member,Female,Fashion accessories,58.75,6,17.62,370.12,2019-03-24,18:14:00,Credit card,352.5,4.76,17.62,5.9,3,Domingo,18,Alto,True
641-51-2661,Giza,Naypyitaw,Member,Female,Food and beverages,87.1,10,43.55,914.55,2019-02-12,14:45:00,Credit card,871.0,4.76,43.55,9.9,2,Terça-feira,14,Muito alto,True
714-02-3114,Giza,Naypyitaw,Normal,Female,Sports and travel,98.8,2,9.88,207.48,2019-02-21,11:39:00,Cash,197.6,4.76,9.88,7.7,2,Quinta-feira,11,Médio,True
518-17-2983,Alex,Yangon,Normal,Female,Fashion accessories,48.63,4,9.73,204.25,2019-02-04,15:44:00,Ewallet,194.52,4.76,9.73,7.6,2,Segunda-feira,15,Médio,True
779-42-2410,Cairo,Mandalay,Member,Male,Food and beverages,57.74,3,8.66,181.88,2019-02-20,13:06:00,Ewallet,173.22,4.76,8.66,7.7,2,Quarta-feira,13,Médio,True
190-14-3147,Cairo,Mandalay,Normal,Female,Health and beauty,17.97,4,3.59,75.47,2019-02-23,20:43:00,Ewallet,71.88,4.76,3.59,6.4,2,Sábado,20,Baixo,True
408-66-6712,Giza,Naypyitaw,Member,Female,Health and beauty,47.71,6,14.31,300.57,2019-02-16,14:19:00,Ewallet,286.26,4.76,14.31,4.4,2,Sábado,14,Alto,True
679-22-6530,Cairo,Mandalay,Normal,Female,Sports and travel,40.62,2,4.06,85.3,2019-01-17,10:01:00,Credit card,81.24,4.76,4.06,4.1,1,Quinta-feira,10,Baixo,True
588-47-8641,Alex,Yangon,Member,Male,Fashion accessories,56.04,10,28.02,588.42,2019-01-14,19:30:00,Ewallet,560.4,4.76,28.02,4.4,1,Segunda-feira,19,Muito alto,True
642-61-4706,Cairo,Mandalay,Member,Male,Food and beverages,93.4,2,9.34,196.14,2019-03-30,16:34:00,Cash,186.8,4.76,9.34,5.5,3,Sábado,16,Médio,True
576-31-4774,Cairo,Mandalay,Normal,Female,Health and beauty,73.41,3,11.01,231.24,2019-03-02,13:10:00,Ewallet,220.23,4.76,11.01,4.0,3,Sábado,13,Médio,True
556-41-6224,Giza,Naypyitaw,Normal,Male,Health and beauty,33.64,8,13.46,282.58,2019-02-15,17:10:00,Credit card,269.12,4.76,13.46,9.3,2,Sexta-feira,17,Alto,True
811-03-8790,Alex,Yangon,Normal,Female,Electronic accessories,45.48,10,22.74,477.54,2019-03-01,10:22:00,Credit card,454.8,4.76,22.74,4.8,3,Sexta-feira,10,Muito alto,True
242-11-3142,Cairo,Mandalay,Member,Male,Fashion accessories,83.77,2,8.38,175.92,2019-02-24,19:57:00,Cash,167.54,4.76,8.38,4.6,2,Domingo,19,Médio,True
752-23-3760,Cairo,Mandalay,Member,Female,Sports and travel,64.08,7,22.43,470.99,2019-02-19,19:29:00,Credit card,448.56,4.76,22.43,7.3,2,Terça-feira,19,Alto,True
274-05-5470,Alex,Yangon,Member,Female,Food and beverages,73.47,4,14.69,308.57,2019-02-23,18:30:00,Cash,293.88,4.76,14.69,6.0,2,Sábado,18,Alto,True
648-94-3045,Giza,Naypyitaw,Normal,Male,Health and beauty,58.95,10,29.48,618.98,2019-02-07,14:27:00,Ewallet,589.5,4.76,29.48,8.1,2,Quinta-feira,14,Muito alto,True
130-67-4723,Alex,Yangon,Member,Male,Food and beverages,48.5,6,14.55,305.55,2019-01-11,13:57:00,Ewallet,291.0,4.76,14.55,9.4,1,Sexta-feira,13,Alto,True
528-87-5606,Cairo,Mandalay,Member,Female,Electronic accessories,39.48,1,1.97,41.45,2019-02-12,19:43:00,Cash,39.48,4.76,1.97,6.5,2,Terça-feira,19,Baixo,True
320-85-2052,Cairo,Mandalay,Normal,Female,Sports and travel,34.81,1,1.74,36.55,2019-01-14,10:11:00,Credit card,34.81,4.76,1.74,7.0,1,Segunda-feira,10,Baixo,True
370-96-0655,Giza,Naypyitaw,Normal,Female,Fashion accessories,49.32,6,14.8,310.72,2019-01-09,13:46:00,Ewallet,295.92,4.76,14.8,7.1,1,Quarta-feira,13,Alto,True
105-10-6182,Alex,Yangon,Member,Male,Fashion accessories,21.48,2,2.15,45.11,2019-02-27,12:22:00,Ewallet,42.96,4.76,2.15,6.6,2,Quarta-feira,12,Baixo,True
510-79-0415,Cairo,Mandalay,Member,Female,Sports and travel,23.08,6,6.92,145.4,2019-01-24,19:20:00,Ewallet,138.48,4.76,6.92,4.9,1,Quinta-feira,19,Médio,True
241-96-5076,Cairo,Mandalay,Member,Female,Home and lifestyle,49.1,2,4.91,103.11,2019-01-08,12:58:00,Credit card,98.2,4.76,4.91,6.4,1,Terça-feira,12,Baixo,True
767-97-4650,Cairo,Mandalay,Member,Female,Sports and travel,64.83,2,6.48,136.14,2019-01-08,11:59:00,Credit card,129.66,4.76,6.48,8.0,1,Terça-feira,11,Médio,True
648-83-1321,Alex,Yangon,Member,Male,Home and lifestyle,63.56,10,31.78,667.38,2019-01-16,17:59:00,Cash,635.6,4.76,31.78,4.3,1,Quarta-feira,17,Muito alto,True
173-57-2300,Giza,Naypyitaw,Member,Male,Sports and travel,72.88,2,7.29,153.05,2019-03-13,12:51:00,Cash,145.76,4.76,7.29,6.1,3,Quarta-feira,12,Médio,True
305-03-2383,Alex,Yangon,Normal,Female,Food and beverages,67.1,3,10.06,211.36,2019-02-15,10:36:00,Cash,201.3,4.76,10.06,7.5,2,Sexta-feira,10,Médio,True
394-55-6384,Giza,Naypyitaw,Member,Female,Sports and travel,70.19,9,31.59,663.3,2019-01-25,13:38:00,Cash,631.71,4.76,31.59,6.7,1,Sexta-feira,13,Muito alto,True
266-20-6657,Giza,Naypyitaw,Member,Male,Food and beverages,55.04,7,19.26,404.54,2019-03-12,19:39:00,Ewallet,385.28,4.76,19.26,5.2,3,Terça-feira,19,Alto,True
689-05-1884,Alex,Yangon,Member,Male,Health and beauty,48.63,10,24.32,510.62,2019-03-04,12:44:00,Cash,486.3,4.76,24.32,8.8,3,Segunda-feira,12,Muito alto,True
196-01-2849,Giza,Naypyitaw,Member,Female,Fashion accessories,73.38,7,25.68,539.34,2019-02-10,13:56:00,Cash,513.66,4.76,25.68,9.5,2,Domingo,13,Muito alto,True
372-62-5264,Giza,Naypyitaw,Normal,Female,Food and beverages,52.6,9,23.67,497.07,2019-01-16,14:42:00,Cash,473.4,4.76,23.67,7.6,1,Quarta-feira,14,Muito alto,True
800-09-8606,Alex,Yangon,Member,Female,Home and lifestyle,87.37,5,21.84,458.69,2019-01-29,19:45:00,Cash,436.85,4.76,21.84,6.6,1,Terça-feira,19,Alto,True
182-52-7000,Alex,Yangon,Member,Female,Sports and travel,27.04,4,5.41,113.57,2019-01-01,20:26:00,Ewallet,108.16,4.76,5.41,6.9,1,Terça-feira,20,Baixo,True
826-58-8051,Cairo,Mandalay,Normal,Male,Home and lifestyle,62.19,4,12.44,261.2,2019-01-06,19:46:00,Ewallet,248.76,4.76,12.44,4.3,1,Domingo,19,Alto,True
868-06-0466,Alex,Yangon,Member,Male,Electronic accessories,69.58,9,31.31,657.53,2019-02-19,19:38:00,Credit card,626.22,4.76,31.31,7.8,2,Terça-feira,19,Muito alto,True
751-41-9720,Giza,Naypyitaw,Normal,Male,Home and lifestyle,97.5,10,48.75,1023.75,2019-01-12,16:18:00,Ewallet,975.0,4.76,48.75,8.0,1,Sábado,16,Muito alto,True
626-43-7888,Giza,Naypyitaw,Normal,Female,Fashion accessories,60.41,8,24.16,507.44,2019-02-07,12:23:00,Ewallet,483.28,4.76,24.16,9.6,2,Quinta-feira,12,Muito alto,True
176-64-7711,Cairo,Mandalay,Normal,Male,Food and beverages,32.32,3,4.85,101.81,2019-03-27,19:11:00,Credit card,96.96,4.76,4.85,4.3,3,Quarta-feira,19,Baixo,True
191-29-0321,Cairo,Mandalay,Member,Female,Fashion accessories,19.77,10,9.88,207.58,2019-02-27,18:57:00,Credit card,197.7,4.76,9.88,5.0,2,Quarta-feira,18,Médio,True
729-06-2010,Cairo,Mandalay,Member,Male,Health and beauty,80.47,9,36.21,760.44,2019-01-06,11:18:00,Cash,724.23,4.76,36.21,9.2,1,Domingo,11,Muito alto,True
640-48-5028,Cairo,Mandalay,Member,Female,Home and lifestyle,88.39,9,39.78,835.29,2019-03-02,12:40:00,Cash,795.51,4.76,39.78,6.3,3,Sábado,12,Muito alto,True
186-79-9562,Cairo,Mandalay,Normal,Male,Health and beauty,71.77,7,25.12,527.51,2019-03-29,14:06:00,Cash,502.39,4.76,25.12,8.9,3,Sexta-feira,14,Muito alto,True
834-45-5519,Cairo,Mandalay,Normal,Female,Electronic accessories,43.0,4,8.6,180.6,2019-01-31,20:48:00,Ewallet,172.0,4.76,8.6,7.6,1,Quinta-feira,20,Médio,True
162-65-8559,Giza,Naypyitaw,Member,Male,Food and beverages,68.98,1,3.45,72.43,2019-01-21,20:13:00,Cash,68.98,4.76,3.45,4.8,1,Segunda-feira,20,Baixo,True
760-27-5490,Giza,Naypyitaw,Normal,Male,Fashion accessories,15.62,8,6.25,131.21,2019-01-20,20:37:00,Ewallet,124.96,4.76,6.25,9.1,1,Domingo,20,Médio,True
445-30-9252,Alex,Yangon,Normal,Male,Sports and travel,25.7,3,3.86,80.96,2019-01-17,17:59:00,Ewallet,77.1,4.76,3.86,6.1,1,Quinta-feira,17,Baixo,True
786-94-2700,Alex,Yangon,Member,Male,Food and beverages,80.62,6,24.19,507.91,2019-02-28,20:18:00,Cash,483.72,4.76,24.19,9.1,2,Quinta-feira,20,Muito alto,True
728-88-7867,Giza,Naypyitaw,Member,Female,Home and lifestyle,75.53,4,15.11,317.23,2019-03-19,15:52:00,Ewallet,302.12,4.76,15.11,8.3,3,Terça-feira,15,Alto,True
183-21-3799,Giza,Naypyitaw,Normal,Female,Electronic accessories,77.63,9,34.93,733.6,2019-02-19,15:14:00,Ewallet,698.67,4.76,34.93,7.2,2,Terça-feira,15,Muito alto,True
268-20-3585,Giza,Naypyitaw,Normal,Female,Health and beauty,13.85,9,6.23,130.88,2019-02-04,12:50:00,Ewallet,124.65,4.76,6.23,6.0,2,Segunda-feira,12,Médio,True
735-32-9839,Giza,Naypyitaw,Member,Male,Fashion accessories,98.7,8,39.48,829.08,2019-01-31,10:36:00,Ewallet,789.6,4.76,39.48,8.5,1,Quinta-feira,10,Muito alto,True
258-92-7466,Alex,Yangon,Normal,Female,Health and beauty,35.68,5,8.92,187.32,2019-02-06,18:33:00,Credit card,178.4,4.76,8.92,6.6,2,Quarta-feira,18,Médio,True
857-16-3520,Alex,Yangon,Member,Female,Fashion accessories,71.46,7,25.01,525.23,2019-03-28,16:06:00,Ewallet,500.22,4.76,25.01,4.5,3,Quinta-feira,16,Muito alto,True
482-17-1179,Alex,Yangon,Member,Male,Electronic accessories,11.94,3,1.79,37.61,2019-01-19,12:47:00,Credit card,35.82,4.76,1.79,8.1,1,Sábado,12,Baixo,True
788-21-5741,Alex,Yangon,Normal,Male,Fashion accessories,45.38,3,6.81,142.95,2019-02-17,13:34:00,Credit card,136.14,4.76,6.81,7.2,2,Domingo,13,Médio,True
821-14-9046,Cairo,Mandalay,Member,Female,Fashion accessories,17.48,6,5.24,110.12,2019-01-18,15:04:00,Credit card,104.88,4.76,5.24,6.1,1,Sexta-feira,15,Baixo,True
418-05-0656,Cairo,Mandalay,Normal,Female,Fashion accessories,25.56,7,8.95,187.87,2019-02-02,20:42:00,Cash,178.92,4.76,8.95,7.1,2,Sábado,20,Médio,True
678-79-0726,Giza,Naypyitaw,Member,Female,Sports and travel,90.63,9,40.78,856.45,2019-01-18,15:28:00,Cash,815.67,4.76,40.78,5.1,1,Sexta-feira,15,Muito alto,True
776-68-1096,Cairo,Mandalay,Normal,Male,Home and lifestyle,44.12,3,6.62,138.98,2019-03-18,13:45:00,Credit card,132.36,4.76,6.62,7.9,3,Segunda-feira,13,Médio,True
592-46-1692,Giza,Naypyitaw,Member,Female,Food and beverages,36.77,7,12.87,270.26,2019-01-11,20:10:00,Cash,257.39,4.76,12.87,7.4,1,Sexta-feira,20,Alto,True
434-35-9162,Cairo,Mandalay,Member,Male,Food and beverages,23.34,4,4.67,98.03,2019-02-04,18:53:00,Ewallet,93.36,4.76,4.67,7.4,2,Segunda-feira,18,Baixo,True
149-14-0304,Giza,Naypyitaw,Member,Female,Health and beauty,28.5,8,11.4,239.4,2019-02-06,14:24:00,Cash,228.0,4.76,11.4,6.6,2,Quarta-feira,14,Médio,True
442-44-6497,Giza,Naypyitaw,Member,Male,Home and lifestyle,55.57,3,8.34,175.05,2019-01-08,11:42:00,Credit card,166.71,4.76,8.34,5.9,1,Terça-feira,11,Médio,True
174-64-0215,Cairo,Mandalay,Normal,Male,Sports and travel,69.74,10,34.87,732.27,2019-03-05,17:49:00,Credit card,697.4,4.76,34.87,8.9,3,Terça-feira,17,Muito alto,True
210-74-9613,Giza,Naypyitaw,Normal,Male,Fashion accessories,97.26,4,19.45,408.49,2019-03-16,15:33:00,Ewallet,389.04,4.76,19.45,6.8,3,Sábado,15,Alto,True
299-29-0180,Cairo,Mandalay,Member,Female,Home and lifestyle,52.18,7,18.26,383.52,2019-03-09,10:54:00,Cash,365.26,4.76,18.26,9.3,3,Sábado,10,Alto,True
247-11-2470,Alex,Yangon,Member,Female,Fashion accessories,22.32,4,4.46,93.74,2019-03-01,16:23:00,Credit card,89.28,4.76,4.46,4.4,3,Sexta-feira,16,Baixo,True
635-28-5728,Alex,Yangon,Normal,Male,Health and beauty,56.0,3,8.4,176.4,2019-02-28,19:33:00,Ewallet,168.0,4.76,8.4,4.8,2,Quinta-feira,19,Médio,True
756-49-0168,Alex,Yangon,Member,Male,Fashion accessories,19.7,1,0.98,20.68,2019-02-08,11:39:00,Ewallet,19.7,4.76,0.98,9.5,2,Sexta-feira,11,Baixo,True
438-23-1242,Cairo,Mandalay,Normal,Male,Electronic accessories,75.88,7,26.56,557.72,2019-01-24,10:38:00,Ewallet,531.16,4.76,26.56,8.9,1,Quinta-feira,10,Muito alto,True
238-45-6950,Cairo,Mandalay,Member,Male,Food and beverages,53.72,1,2.69,56.41,2019-03-01,20:03:00,Ewallet,53.72,4.76,2.69,6.4,3,Sexta-feira,20,Baixo,True
607-65-2441,Giza,Naypyitaw,Member,Male,Health and beauty,81.95,10,40.98,860.48,2019-03-10,12:39:00,Credit card,819.5,4.76,40.98,6.0,3,Domingo,12,Muito alto,True
386-27-7606,Giza,Naypyitaw,Member,Female,Home and lifestyle,81.2,7,28.42,596.82,2019-03-23,15:59:00,Credit card,568.4,4.76,28.42,8.1,3,Sábado,15,Muito alto,True
137-63-5492,Giza,Naypyitaw,Normal,Male,Electronic accessories,58.76,10,29.38,616.98,2019-01-29,14:26:00,Ewallet,587.6,4.76,29.38,9.0,1,Terça-feira,14,Muito alto,True
197-77-7132,Cairo,Mandalay,Member,Male,Electronic accessories,91.56,8,36.62,769.1,2019-01-12,18:22:00,Ewallet,732.48,4.76,36.62,6.0,1,Sábado,18,Muito alto,True
805-86-0265,Alex,Yangon,Normal,Male,Home and lifestyle,93.96,9,42.28,887.92,2019-03-20,11:32:00,Cash,845.64,4.76,42.28,9.8,3,Quarta-feira,11,Muito alto,True
733-29-1227,Giza,Naypyitaw,Normal,Male,Home and lifestyle,55.61,7,19.46,408.73,2019-03-23,12:41:00,Cash,389.27,4.76,19.46,8.5,3,Sábado,12,Alto,True
451-73-2711,Giza,Naypyitaw,Normal,Male,Food and beverages,84.83,1,4.24,89.07,2019-01-14,15:20:00,Ewallet,84.83,4.76,4.24,8.8,1,Segunda-feira,15,Baixo,True
373-14-0504,Alex,Yangon,Member,Female,Sports and travel,71.63,2,7.16,150.42,2019-02-12,14:33:00,Ewallet,143.26,4.76,7.16,8.8,2,Terça-feira,14,Médio,True
546-80-2899,Alex,Yangon,Member,Male,Home and lifestyle,37.69,2,3.77,79.15,2019-02-20,15:29:00,Ewallet,75.38,4.76,3.77,9.5,2,Quarta-feira,15,Baixo,True
345-68-9016,Giza,Naypyitaw,Member,Female,Sports and travel,31.67,8,12.67,266.03,2019-01-02,16:19:00,Credit card,253.36,4.76,12.67,5.6,1,Quarta-feira,16,Alto,True
390-17-5806,Giza,Naypyitaw,Member,Female,Food and beverages,38.42,1,1.92,40.34,2019-02-02,16:33:00,Cash,38.42,4.76,1.92,8.6,2,Sábado,16,Baixo,True
457-13-1708,Cairo,Mandalay,Member,Male,Fashion accessories,65.23,10,32.62,684.92,2019-01-08,19:07:00,Credit card,652.3,4.76,32.62,5.2,1,Terça-feira,19,Muito alto,True
664-14-2882,Giza,Naypyitaw,Member,Female,Home and lifestyle,10.53,5,2.63,55.28,2019-01-30,14:43:00,Credit card,52.65,4.76,2.63,5.8,1,Quarta-feira,14,Baixo,True
487-79-6868,Cairo,Mandalay,Member,Female,Home and lifestyle,12.29,9,5.53,116.14,2019-03-26,19:28:00,Credit card,110.61,4.76,5.53,8.0,3,Terça-feira,19,Baixo,True
314-23-4520,Giza,Naypyitaw,Member,Male,Health and beauty,81.23,7,28.43,597.04,2019-01-15,20:44:00,Cash,568.61,4.76,28.43,9.0,1,Terça-feira,20,Muito alto,True
210-30-7976,Cairo,Mandalay,Member,Female,Fashion accessories,22.32,4,4.46,93.74,2019-03-14,11:16:00,Ewallet,89.28,4.76,4.46,4.1,3,Quinta-feira,11,Baixo,True
585-86-8361,Alex,Yangon,Normal,Female,Food and beverages,27.28,5,6.82,143.22,2019-02-03,10:31:00,Credit card,136.4,4.76,6.82,8.6,2,Domingo,10,Médio,True
807-14-7833,Alex,Yangon,Member,Female,Electronic accessories,17.42,10,8.71,182.91,2019-02-22,12:30:00,Ewallet,174.2,4.76,8.71,7.0,2,Sexta-feira,12,Médio,True
775-72-1988,Cairo,Mandalay,Normal,Male,Home and lifestyle,73.28,5,18.32,384.72,2019-01-24,15:05:00,Ewallet,366.4,4.76,18.32,8.4,1,Quinta-feira,15,Alto,True
288-38-3758,Giza,Naypyitaw,Member,Female,Fashion accessories,84.87,3,12.73,267.34,2019-01-25,18:30:00,Ewallet,254.61,4.76,12.73,7.4,1,Sexta-feira,18,Alto,True
652-43-6591,Alex,Yangon,Normal,Female,Fashion accessories,97.29,8,38.92,817.24,2019-03-09,13:18:00,Credit card,778.32,4.76,38.92,6.2,3,Sábado,13,Muito alto,True
785-96-0615,Cairo,Mandalay,Member,Female,Electronic accessories,35.74,8,14.3,300.22,2019-02-17,15:28:00,Ewallet,285.92,4.76,14.3,4.9,2,Domingo,15,Alto,True
406-46-7107,Alex,Yangon,Normal,Female,Home and lifestyle,96.52,6,28.96,608.08,2019-01-11,11:52:00,Cash,579.12,4.76,28.96,4.5,1,Sexta-feira,11,Muito alto,True
250-17-5703,Alex,Yangon,Member,Male,Food and beverages,18.85,10,9.43,197.92,2019-02-27,18:24:00,Ewallet,188.5,4.76,9.43,5.6,2,Quarta-feira,18,Médio,True
156-95-3964,Alex,Yangon,Normal,Female,Food and beverages,55.39,4,11.08,232.64,2019-03-25,15:19:00,Ewallet,221.56,4.76,11.08,8.0,3,Segunda-feira,15,Médio,True
842-40-8179,Cairo,Mandalay,Member,Female,Food and beverages,77.2,10,38.6,810.6,2019-02-11,10:38:00,Credit card,772.0,4.76,38.6,5.6,2,Segunda-feira,10,Muito alto,True
525-09-8450,Cairo,Mandalay,Normal,Male,Electronic accessories,72.13,10,36.06,757.36,2019-01-31,15:12:00,Credit card,721.3,4.76,36.06,4.2,1,Quinta-feira,15,Muito alto,True
410-67-1709,Alex,Yangon,Member,Female,Fashion accessories,63.88,8,25.55,536.59,2019-01-20,17:48:00,Ewallet,511.04,4.76,25.55,9.9,1,Domingo,17,Muito alto,True
587-73-4862,Alex,Yangon,Member,Female,Health and beauty,10.69,5,2.67,56.12,2019-03-26,11:07:00,Ewallet,53.45,4.76,2.67,7.6,3,Terça-feira,11,Baixo,True
787-87-2010,Alex,Yangon,Member,Male,Health and beauty,55.5,4,11.1,233.1,2019-01-20,15:48:00,Credit card,222.0,4.76,11.1,6.6,1,Domingo,15,Médio,True
593-14-4239,Cairo,Mandalay,Normal,Female,Home and lifestyle,95.46,8,38.18,801.86,2019-03-05,19:40:00,Ewallet,763.68,4.76,38.18,4.7,3,Terça-feira,19,Muito alto,True
801-88-0346,Giza,Naypyitaw,Normal,Female,Fashion accessories,76.06,3,11.41,239.59,2019-01-05,20:30:00,Credit card,228.18,4.76,11.41,9.8,1,Sábado,20,Médio,True
388-76-2555,Cairo,Mandalay,Normal,Male,Sports and travel,13.69,6,4.11,86.25,2019-02-13,13:59:00,Cash,82.14,4.76,4.11,6.3,2,Quarta-feira,13,Baixo,True
711-31-1234,Cairo,Mandalay,Normal,Female,Electronic accessories,95.64,4,19.13,401.69,2019-03-16,18:51:00,Cash,382.56,4.76,19.13,7.9,3,Sábado,18,Alto,True
886-54-6089,Alex,Yangon,Normal,Female,Home and lifestyle,11.43,6,3.43,72.01,2019-01-15,17:24:00,Cash,68.58,4.76,3.43,7.7,1,Terça-feira,17,Baixo,True
707-32-7409,Cairo,Mandalay,Member,Female,Sports and travel,95.54,4,19.11,401.27,2019-02-26,11:58:00,Ewallet,382.16,4.76,19.11,4.5,2,Terça-feira,11,Alto,True
759-98-4285,Giza,Naypyitaw,Member,Female,Health and beauty,85.87,7,30.05,631.14,2019-02-27,19:01:00,Credit card,601.09,4.76,30.05,8.0,2,Quarta-feira,19,Muito alto,True
201-63-8275,Giza,Naypyitaw,Member,Female,Sports and travel,67.99,7,23.8,499.73,2019-02-17,16:50:00,Ewallet,475.93,4.76,23.8,5.7,2,Domingo,16,Muito alto,True
471-06-8611,Giza,Naypyitaw,Normal,Female,Food and beverages,52.42,1,2.62,55.04,2019-02-06,10:22:00,Credit card,52.42,4.76,2.62,6.3,2,Quarta-feira,10,Baixo,True
200-16-5952,Giza,Naypyitaw,Member,Male,Food and beverages,65.65,2,6.56,137.86,2019-01-17,16:46:00,Cash,131.3,4.76,6.56,6.0,1,Quinta-feira,16,Médio,True
120-54-2248,Cairo,Mandalay,Normal,Female,Food and beverages,28.86,5,7.22,151.51,2019-01-22,18:08:00,Credit card,144.3,4.76,7.22,8.0,1,Terça-feira,18,Médio,True
102-77-2261,Giza,Naypyitaw,Member,Male,Health and beauty,65.31,7,22.86,480.03,2019-03-05,18:02:00,Credit card,457.17,4.76,22.86,4.2,3,Terça-feira,18,Muito alto,True
875-31-8302,Cairo,Mandalay,Normal,Male,Sports and travel,93.38,1,4.67,98.05,2019-01-03,13:07:00,Cash,93.38,4.76,4.67,9.6,1,Quinta-feira,13,Baixo,True
102-06-2002,Giza,Naypyitaw,Member,Male,Sports and travel,25.25,5,6.31,132.56,2019-03-20,17:52:00,Cash,126.25,4.76,6.31,6.1,3,Quarta-feira,17,Médio,True
457-94-0464,Cairo,Mandalay,Member,Male,Electronic accessories,87.87,9,39.54,830.37,2019-01-31,20:32:00,Ewallet,790.83,4.76,39.54,5.6,1,Quinta-feira,20,Muito alto,True
629-42-4133,Giza,Naypyitaw,Normal,Male,Health and beauty,21.8,8,8.72,183.12,2019-02-19,19:24:00,Cash,174.4,4.76,8.72,8.3,2,Terça-feira,19,Médio,True
534-53-3526,Alex,Yangon,Normal,Female,Sports and travel,94.76,4,18.95,397.99,2019-02-11,16:06:00,Ewallet,379.04,4.76,18.95,7.8,2,Segunda-feira,16,Alto,True
307-04-2070,Alex,Yangon,Member,Female,Fashion accessories,30.62,1,1.53,32.15,2019-02-05,14:14:00,Credit card,30.62,4.76,1.53,4.1,2,Terça-feira,14,Baixo,True
468-99-7231,Giza,Naypyitaw,Normal,Female,Home and lifestyle,44.01,8,17.6,369.68,2019-03-03,17:36:00,Cash,352.08,4.76,17.6,8.8,3,Domingo,17,Alto,True
516-77-6464,Giza,Naypyitaw,Member,Female,Health and beauty,10.16,5,2.54,53.34,2019-02-24,13:08:00,Ewallet,50.8,4.76,2.54,4.1,2,Domingo,13,Baixo,True
404-91-5964,Alex,Yangon,Normal,Male,Electronic accessories,74.58,7,26.1,548.16,2019-02-04,16:09:00,Credit card,522.06,4.76,26.1,9.0,2,Segunda-feira,16,Muito alto,True
886-77-9084,Giza,Naypyitaw,Normal,Male,Electronic accessories,71.89,8,28.76,603.88,2019-02-19,11:33:00,Ewallet,575.12,4.76,28.76,5.5,2,Terça-feira,11,Muito alto,True
790-38-4466,Giza,Naypyitaw,Normal,Female,Health and beauty,10.99,5,2.75,57.7,2019-01-23,10:18:00,Credit card,54.95,4.76,2.75,9.3,1,Quarta-feira,10,Baixo,True
704-10-4056,Giza,Naypyitaw,Member,Male,Health and beauty,60.47,3,9.07,190.48,2019-01-14,10:55:00,Credit card,181.41,4.76,9.07,5.6,1,Segunda-feira,10,Médio,True
497-37-6538,Alex,Yangon,Normal,Male,Sports and travel,58.91,7,20.62,432.99,2019-01-17,15:15:00,Ewallet,412.37,4.76,20.62,9.7,1,Quinta-feira,15,Alto,True
651-96-5970,Alex,Yangon,Normal,Male,Fashion accessories,46.41,1,2.32,48.73,2019-03-03,20:06:00,Credit card,46.41,4.76,2.32,4.0,3,Domingo,20,Baixo,True
400-80-4065,Giza,Naypyitaw,Member,Male,Health and beauty,68.55,4,13.71,287.91,2019-02-15,20:21:00,Credit card,274.2,4.76,13.71,9.2,2,Sexta-feira,20,Alto,True
744-16-7898,Cairo,Mandalay,Normal,Female,Home and lifestyle,97.37,10,48.68,1022.38,2019-01-15,13:48:00,Credit card,973.7,4.76,48.68,4.9,1,Terça-feira,13,Muito alto,True
263-12-5321,Alex,Yangon,Member,Male,Electronic accessories,92.6,7,32.41,680.61,2019-02-27,12:52:00,Credit card,648.2,4.76,32.41,9.3,2,Quarta-feira,12,Muito alto,True
702-72-0487,Alex,Yangon,Normal,Female,Electronic accessories,46.61,2,4.66,97.88,2019-02-26,12:28:00,Credit card,93.22,4.76,4.66,6.6,2,Terça-feira,12,Baixo,True
605-83-1050,Cairo,Mandalay,Normal,Male,Fashion accessories,27.18,2,2.72,57.08,2019-03-15,16:26:00,Ewallet,54.36,4.76,2.72,4.3,3,Sexta-feira,16,Baixo,True
443-60-9639,Giza,Naypyitaw,Member,Female,Home and lifestyle,60.87,1,3.04,63.91,2019-01-24,13:24:00,Cash,60.87,4.76,3.04,5.5,1,Quinta-feira,13,Baixo,True
864-24-7918,Alex,Yangon,Member,Female,Sports and travel,24.49,10,12.24,257.14,2019-02-22,15:15:00,Cash,244.9,4.76,12.24,8.1,2,Sexta-feira,15,Alto,True
359-94-5395,Cairo,Mandalay,Normal,Male,Health and beauty,92.78,1,4.64,97.42,2019-03-15,10:50:00,Credit card,92.78,4.76,4.64,9.8,3,Sexta-feira,10,Baixo,True
401-09-4232,Giza,Naypyitaw,Member,Male,Home and lifestyle,86.69,5,21.67,455.12,2019-02-11,18:38:00,Ewallet,433.45,4.76,21.67,9.4,2,Segunda-feira,18,Alto,True
751-15-6198,Cairo,Mandalay,Normal,Male,Sports and travel,23.01,6,6.9,144.96,2019-01-12,16:45:00,Ewallet,138.06,4.76,6.9,7.9,1,Sábado,16,Médio,True
324-41-6833,Giza,Naypyitaw,Member,Female,Electronic accessories,30.2,8,12.08,253.68,2019-03-03,19:30:00,Ewallet,241.6,4.76,12.08,5.1,3,Domingo,19,Médio,True
474-33-8305,Giza,Naypyitaw,Member,Male,Fashion accessories,67.39,7,23.59,495.32,2019-03-23,13:23:00,Ewallet,471.73,4.76,23.59,6.9,3,Sábado,13,Muito alto,True
759-29-9521,Alex,Yangon,Member,Female,Fashion accessories,48.96,9,22.03,462.67,2019-03-04,11:27:00,Cash,440.64,4.76,22.03,8.0,3,Segunda-feira,11,Alto,True
831-81-6575,Cairo,Mandalay,Member,Female,Electronic accessories,75.59,9,34.02,714.33,2019-02-23,11:12:00,Cash,680.31,4.76,34.02,8.0,2,Sábado,11,Muito alto,True
220-68-6701,Alex,Yangon,Normal,Female,Home and lifestyle,77.47,4,15.49,325.37,2019-03-17,16:36:00,Cash,309.88,4.76,15.49,4.2,3,Domingo,16,Alto,True
618-34-8551,Alex,Yangon,Normal,Female,Sports and travel,93.18,2,9.32,195.68,2019-01-16,18:41:00,Credit card,186.36,4.76,9.32,8.5,1,Quarta-feira,18,Médio,True
257-60-7754,Alex,Yangon,Normal,Female,Electronic accessories,50.23,4,10.05,210.97,2019-01-08,17:12:00,Cash,200.92,4.76,10.05,9.0,1,Terça-feira,17,Médio,True
559-61-5987,Cairo,Mandalay,Normal,Female,Health and beauty,17.75,1,0.89,18.64,2019-01-14,10:38:00,Cash,17.75,4.76,0.89,8.6,1,Segunda-feira,10,Baixo,True
189-55-2313,Giza,Naypyitaw,Normal,Female,Fashion accessories,62.18,10,31.09,652.89,2019-01-31,10:33:00,Ewallet,621.8,4.76,31.09,6.0,1,Quinta-feira,10,Muito alto,True
565-91-4567,Cairo,Mandalay,Normal,Male,Health and beauty,10.75,8,4.3,90.3,2019-03-15,14:38:00,Ewallet,86.0,4.76,4.3,6.2,3,Sexta-feira,14,Baixo,True
380-60-5336,Alex,Yangon,Normal,Female,Electronic accessories,40.26,10,20.13,422.73,2019-02-24,18:06:00,Credit card,402.6,4.76,20.13,5.0,2,Domingo,18,Alto,True
815-04-6282,Giza,Naypyitaw,Member,Female,Sports and travel,64.97,5,16.24,341.09,2019-02-08,12:52:00,Credit card,324.85,4.76,16.24,6.5,2,Sexta-feira,12,Alto,True
674-56-6360,Alex,Yangon,Normal,Male,Electronic accessories,95.15,1,4.76,99.91,2019-03-22,14:00:00,Cash,95.15,4.76,4.76,6.0,3,Sexta-feira,14,Baixo,True
778-34-2523,Alex,Yangon,Member,Female,Electronic accessories,48.62,8,19.45,408.41,2019-01-24,10:57:00,Cash,388.96,4.76,19.45,5.0,1,Quinta-feira,10,Alto,True
499-27-7781,Cairo,Mandalay,Normal,Female,Food and beverages,53.21,8,21.28,446.96,2019-03-14,16:45:00,Ewallet,425.68,4.76,21.28,5.0,3,Quinta-feira,16,Alto,True
477-59-2456,Giza,Naypyitaw,Normal,Female,Fashion accessories,45.44,7,15.9,333.98,2019-01-23,11:15:00,Cash,318.08,4.76,15.9,9.2,1,Quarta-feira,11,Alto,True
832-51-6761,Alex,Yangon,Normal,Male,Food and beverages,33.88,8,13.55,284.59,2019-01-19,20:29:00,Ewallet,271.04,4.76,13.55,9.6,1,Sábado,20,Alto,True
869-11-3082,Cairo,Mandalay,Member,Male,Health and beauty,96.16,4,19.23,403.87,2019-01-27,20:03:00,Credit card,384.64,4.76,19.23,8.4,1,Domingo,20,Alto,True
190-59-3964,Cairo,Mandalay,Member,Male,Food and beverages,47.16,5,11.79,247.59,2019-02-03,14:35:00,Credit card,235.8,4.76,11.79,6.0,2,Domingo,14,Médio,True
366-43-6862,Cairo,Mandalay,Normal,Male,Electronic accessories,52.89,4,10.58,222.14,2019-03-25,16:32:00,Ewallet,211.56,4.76,10.58,6.7,3,Segunda-feira,16,Médio,True
186-43-8965,Alex,Yangon,Member,Female,Home and lifestyle,47.68,2,4.77,100.13,2019-02-24,10:10:00,Credit card,95.36,4.76,4.77,4.1,2,Domingo,10,Baixo,True
784-21-9238,Giza,Naypyitaw,Member,Male,Sports and travel,10.17,1,0.51,10.68,2019-02-07,14:15:00,Cash,10.17,4.76,0.51,5.9,2,Quinta-feira,14,Baixo,True
276-75-6884,Alex,Yangon,Normal,Female,Health and beauty,68.71,3,10.31,216.44,2019-03-04,10:05:00,Cash,206.13,4.76,10.31,8.7,3,Segunda-feira,10,Médio,True
109-86-4363,Cairo,Mandalay,Member,Female,Sports and travel,60.08,7,21.03,441.59,2019-02-14,11:36:00,Credit card,420.56,4.76,21.03,4.5,2,Quinta-feira,11,Alto,True
569-76-2760,Alex,Yangon,Member,Female,Sports and travel,22.01,4,4.4,92.44,2019-01-29,18:15:00,Credit card,88.04,4.76,4.4,6.6,1,Terça-feira,18,Baixo,True
222-42-0244,Cairo,Mandalay,Member,Female,Health and beauty,72.11,9,32.45,681.44,2019-01-28,13:53:00,Credit card,648.99,4.76,32.45,7.7,1,Segunda-feira,13,Muito alto,True
760-53-9233,Alex,Yangon,Member,Male,Fashion accessories,41.28,3,6.19,130.03,2019-03-26,18:37:00,Credit card,123.84,4.76,6.19,8.5,3,Terça-feira,18,Médio,True
538-22-0304,Giza,Naypyitaw,Normal,Male,Electronic accessories,64.95,10,32.48,681.98,2019-03-24,18:27:00,Cash,649.5,4.76,32.48,5.2,3,Domingo,18,Muito alto,True
416-17-9926,Alex,Yangon,Member,Female,Electronic accessories,74.22,10,37.11,779.31,2019-01-01,14:42:00,Credit card,742.2,4.76,37.11,4.3,1,Terça-feira,14,Muito alto,True
237-44-6163,Alex,Yangon,Normal,Male,Electronic accessories,10.56,8,4.22,88.7,2019-01-24,17:43:00,Cash,84.48,4.76,4.22,7.6,1,Quinta-feira,17,Baixo,True
636-17-0325,Cairo,Mandalay,Normal,Male,Health and beauty,62.57,4,12.51,262.79,2019-02-25,18:37:00,Cash,250.28,4.76,12.51,9.5,2,Segunda-feira,18,Alto,True
343-75-9322,Cairo,Mandalay,Member,Female,Sports and travel,11.85,8,4.74,99.54,2019-01-09,16:34:00,Cash,94.8,4.76,4.74,4.1,1,Quarta-feira,16,Baixo,True
528-14-9470,Alex,Yangon,Member,Male,Health and beauty,91.3,1,4.57,95.86,2019-02-14,14:42:00,Ewallet,91.3,4.76,4.57,9.2,2,Quinta-feira,14,Baixo,True
427-45-9297,Cairo,Mandalay,Member,Female,Home and lifestyle,40.73,7,14.26,299.37,2019-03-12,11:01:00,Ewallet,285.11,4.76,14.26,5.4,3,Terça-feira,11,Alto,True
807-34-3742,Alex,Yangon,Normal,Male,Fashion accessories,52.38,1,2.62,55.0,2019-03-26,19:44:00,Cash,52.38,4.76,2.62,5.8,3,Terça-feira,19,Baixo,True
288-62-1085,Alex,Yangon,Member,Male,Fashion accessories,38.54,5,9.64,202.34,2019-01-09,13:34:00,Ewallet,192.7,4.76,9.64,5.6,1,Quarta-feira,13,Médio,True
670-71-7306,Cairo,Mandalay,Normal,Male,Sports and travel,44.63,6,13.39,281.17,2019-01-02,20:08:00,Credit card,267.78,4.76,13.39,5.1,1,Quarta-feira,20,Alto,True
660-29-7083,Giza,Naypyitaw,Normal,Male,Electronic accessories,55.87,10,27.94,586.64,2019-01-15,15:01:00,Cash,558.7,4.76,27.94,5.8,1,Terça-feira,15,Muito alto,True
271-77-8740,Giza,Naypyitaw,Member,Female,Sports and travel,29.22,6,8.77,184.09,2019-01-01,11:40:00,Ewallet,175.32,4.76,8.77,5.0,1,Terça-feira,11,Médio,True
497-36-0989,Alex,Yangon,Normal,Male,Fashion accessories,51.94,3,7.79,163.61,2019-02-15,15:21:00,Cash,155.82,4.76,7.79,7.9,2,Sexta-feira,15,Médio,True
291-59-1384,Cairo,Mandalay,Normal,Male,Electronic accessories,60.3,1,3.02,63.32,2019-02-28,17:38:00,Cash,60.3,4.76,3.02,6.0,2,Quinta-feira,17,Baixo,True
860-73-6466,Alex,Yangon,Member,Female,Sports and travel,39.47,2,3.95,82.89,2019-03-02,16:16:00,Credit card,78.94,4.76,3.95,5.0,3,Sábado,16,Baixo,True
549-23-9016,Giza,Naypyitaw,Member,Female,Food and beverages,14.87,2,1.49,31.23,2019-02-13,18:15:00,Credit card,29.74,4.76,1.49,8.9,2,Quarta-feira,18,Baixo,True
896-34-0956,Alex,Yangon,Normal,Male,Fashion accessories,21.32,1,1.07,22.39,2019-01-26,12:43:00,Cash,21.32,4.76,1.07,5.9,1,Sábado,12,Baixo,True
804-38-3935,Alex,Yangon,Member,Male,Electronic accessories,93.78,3,14.07,295.41,2019-01-30,11:32:00,Credit card,281.34,4.76,14.07,5.9,1,Quarta-feira,11,Alto,True
585-90-0249,Alex,Yangon,Member,Male,Electronic accessories,73.26,1,3.66,76.92,2019-01-27,18:08:00,Ewallet,73.26,4.76,3.66,9.7,1,Domingo,18,Baixo,True
862-29-5914,Giza,Naypyitaw,Normal,Female,Sports and travel,22.38,1,1.12,23.5,2019-01-30,17:08:00,Credit card,22.38,4.76,1.12,8.6,1,Quarta-feira,17,Baixo,True
845-94-6841,Giza,Naypyitaw,Member,Female,Food and beverages,72.88,9,32.8,688.72,2019-01-08,19:38:00,Cash,655.92,4.76,32.8,4.0,1,Terça-feira,19,Muito alto,True
125-45-2293,Alex,Yangon,Normal,Female,Fashion accessories,99.1,6,29.73,624.33,2019-01-19,13:11:00,Cash,594.6,4.76,29.73,4.2,1,Sábado,13,Muito alto,True
843-73-4724,Alex,Yangon,Normal,Male,Fashion accessories,74.1,1,3.7,77.81,2019-01-25,11:05:00,Cash,74.1,4.76,3.7,9.2,1,Sexta-feira,11,Baixo,True
409-33-9708,Alex,Yangon,Normal,Female,Fashion accessories,98.48,2,9.85,206.81,2019-02-19,10:12:00,Ewallet,196.96,4.76,9.85,9.2,2,Terça-feira,10,Médio,True
658-66-3967,Giza,Naypyitaw,Normal,Male,Health and beauty,53.19,7,18.62,390.95,2019-01-14,15:42:00,Ewallet,372.33,4.76,18.62,5.0,1,Segunda-feira,15,Alto,True
866-70-2814,Cairo,Mandalay,Normal,Female,Electronic accessories,52.79,10,26.4,554.29,2019-02-25,11:58:00,Ewallet,527.9,4.76,26.4,10.0,2,Segunda-feira,11,Muito alto,True
160-22-2687,Alex,Yangon,Member,Female,Health and beauty,95.95,5,23.99,503.74,2019-01-23,14:21:00,Ewallet,479.75,4.76,23.99,8.8,1,Quarta-feira,14,Muito alto,True
895-03-6665,Cairo,Mandalay,Normal,Female,Fashion accessories,36.51,9,16.43,345.02,2019-02-16,10:52:00,Cash,328.59,4.76,16.43,4.2,2,Sábado,10,Alto,True
770-42-8960,Cairo,Mandalay,Normal,Male,Food and beverages,21.12,8,8.45,177.41,2019-01-01,19:31:00,Cash,168.96,4.76,8.45,6.3,1,Terça-feira,19,Médio,True
748-45-2862,Alex,Yangon,Member,Female,Home and lifestyle,28.31,4,5.66,118.9,2019-03-07,18:35:00,Cash,113.24,4.76,5.66,8.2,3,Quinta-feira,18,Baixo,True
234-36-2483,Cairo,Mandalay,Normal,Male,Health and beauty,57.59,6,17.28,362.82,2019-02-15,13:51:00,Cash,345.54,4.76,17.28,5.1,2,Sexta-feira,13,Alto,True
316-66-3011,Alex,Yangon,Member,Female,Food and beverages,47.63,9,21.43,450.1,2019-01-23,12:35:00,Cash,428.67,4.76,21.43,5.0,1,Quarta-feira,12,Alto,True
848-95-6252,Giza,Naypyitaw,Member,Female,Home and lifestyle,86.27,1,4.31,90.58,2019-02-20,13:24:00,Ewallet,86.27,4.76,4.31,7.0,2,Quarta-feira,13,Baixo,True
840-76-5966,Alex,Yangon,Member,Male,Sports and travel,12.76,2,1.28,26.8,2019-01-08,18:06:00,Ewallet,25.52,4.76,1.28,7.8,1,Terça-feira,18,Baixo,True
152-03-4217,Cairo,Mandalay,Normal,Female,Home and lifestyle,11.28,9,5.08,106.6,2019-03-17,11:55:00,Credit card,101.52,4.76,5.08,4.3,3,Domingo,11,Baixo,True
533-66-5566,Cairo,Mandalay,Normal,Female,Home and lifestyle,51.07,7,17.87,375.36,2019-01-12,11:42:00,Cash,357.49,4.76,17.87,7.0,1,Sábado,11,Alto,True
124-31-1458,Alex,Yangon,Member,Female,Electronic accessories,79.59,3,11.94,250.71,2019-01-08,14:30:00,Cash,238.77,4.76,11.94,6.6,1,Terça-feira,14,Médio,True
176-78-1170,Giza,Naypyitaw,Member,Male,Health and beauty,33.81,3,5.07,106.5,2019-01-26,15:11:00,Ewallet,101.43,4.76,5.07,7.3,1,Sábado,15,Baixo,True
361-59-0574,Cairo,Mandalay,Member,Male,Sports and travel,90.53,8,36.21,760.45,2019-03-15,14:48:00,Credit card,724.24,4.76,36.21,6.5,3,Sexta-feira,14,Muito alto,True
101-81-4070,Giza,Naypyitaw,Member,Female,Health and beauty,62.82,2,6.28,131.92,2019-01-17,12:36:00,Ewallet,125.64,4.76,6.28,4.9,1,Quinta-feira,12,Médio,True
631-34-1880,Giza,Naypyitaw,Member,Male,Food and beverages,24.31,3,3.65,76.58,2019-01-08,19:09:00,Credit card,72.93,4.76,3.65,4.3,1,Terça-feira,19,Baixo,True
852-82-2749,Alex,Yangon,Normal,Male,Sports and travel,64.59,4,12.92,271.28,2019-01-06,13:35:00,Ewallet,258.36,4.76,12.92,9.3,1,Domingo,13,Alto,True
873-14-6353,Alex,Yangon,Member,Male,Food and beverages,24.82,7,8.69,182.43,2019-02-16,10:33:00,Credit card,173.74,4.76,8.69,7.1,2,Sábado,10,Médio,True
584-66-4073,Giza,Naypyitaw,Normal,Male,Fashion accessories,56.5,1,2.82,59.32,2019-03-13,15:45:00,Ewallet,56.5,4.76,2.82,9.6,3,Quarta-feira,15,Baixo,True
544-55-9589,Cairo,Mandalay,Member,Female,Electronic accessories,21.43,10,10.72,225.02,2019-01-28,11:51:00,Cash,214.3,4.76,10.72,6.2,1,Segunda-feira,11,Médio,True
166-19-2553,Alex,Yangon,Member,Male,Sports and travel,89.06,6,26.72,561.08,2019-01-18,17:26:00,Cash,534.36,4.76,26.72,9.9,1,Sexta-feira,17,Muito alto,True
737-88-5876,Alex,Yangon,Member,Male,Home and lifestyle,23.29,4,4.66,97.82,2019-03-19,11:52:00,Credit card,93.16,4.76,4.66,5.9,3,Terça-feira,11,Baixo,True
154-87-7367,Giza,Naypyitaw,Normal,Male,Home and lifestyle,65.26,8,26.1,548.18,2019-03-15,14:04:00,Ewallet,522.08,4.76,26.1,6.3,3,Sexta-feira,14,Muito alto,True
885-56-0389,Giza,Naypyitaw,Member,Male,Fashion accessories,52.35,1,2.62,54.97,2019-02-12,17:49:00,Cash,52.35,4.76,2.62,4.0,2,Terça-feira,17,Baixo,True
608-05-3804,Cairo,Mandalay,Member,Male,Electronic accessories,39.75,1,1.99,41.74,2019-02-25,20:19:00,Cash,39.75,4.76,1.99,6.1,2,Segunda-feira,20,Baixo,True
448-61-3783,Alex,Yangon,Normal,Female,Electronic accessories,90.02,8,36.01,756.17,2019-03-21,16:08:00,Credit card,720.16,4.76,36.01,4.5,3,Quinta-feira,16,Muito alto,True
761-49-0439,Cairo,Mandalay,Member,Female,Electronic accessories,12.1,8,4.84,101.64,2019-01-19,10:17:00,Ewallet,96.8,4.76,4.84,8.6,1,Sábado,10,Baixo,True
490-95-0021,Cairo,Mandalay,Member,Female,Food and beverages,33.21,10,16.6,348.7,2019-01-08,14:25:00,Ewallet,332.1,4.76,16.6,6.0,1,Terça-feira,14,Alto,True
115-38-7388,Giza,Naypyitaw,Member,Female,Fashion accessories,10.18,8,4.07,85.51,2019-03-30,12:51:00,Credit card,81.44,4.76,4.07,9.5,3,Sábado,12,Baixo,True
311-13-6971,Cairo,Mandalay,Member,Male,Sports and travel,31.99,10,16.0,335.9,2019-02-20,15:18:00,Credit card,319.9,4.76,16.0,9.9,2,Quarta-feira,15,Alto,True
291-55-6563,Alex,Yangon,Member,Female,Home and lifestyle,34.42,6,10.33,216.85,2019-03-30,12:45:00,Ewallet,206.52,4.76,10.33,7.5,3,Sábado,12,Médio,True
548-48-3156,Alex,Yangon,Member,Female,Food and beverages,83.34,2,8.33,175.01,2019-03-19,13:37:00,Cash,166.68,4.76,8.33,7.6,3,Terça-feira,13,Médio,True
460-93-5834,Alex,Yangon,Normal,Male,Sports and travel,45.58,7,15.95,335.01,2019-01-13,10:03:00,Cash,319.06,4.76,15.95,5.0,1,Domingo,10,Alto,True
325-89-4209,Alex,Yangon,Member,Male,Food and beverages,87.9,1,4.39,92.3,2019-02-05,19:42:00,Ewallet,87.9,4.76,4.39,6.7,2,Terça-feira,19,Baixo,True
884-80-6021,Alex,Yangon,Member,Female,Electronic accessories,73.47,10,36.74,771.44,2019-03-23,13:14:00,Ewallet,734.7,4.76,36.74,9.5,3,Sábado,13,Muito alto,True
137-74-8729,Giza,Naypyitaw,Normal,Female,Fashion accessories,12.19,8,4.88,102.4,2019-03-13,12:47:00,Ewallet,97.52,4.76,4.88,6.8,3,Quarta-feira,12,Baixo,True
880-46-5796,Alex,Yangon,Member,Male,Sports and travel,76.92,10,38.46,807.66,2019-03-17,19:53:00,Ewallet,769.2,4.76,38.46,5.6,3,Domingo,19,Muito alto,True
389-70-2397,Giza,Naypyitaw,Normal,Female,Health and beauty,83.66,5,20.92,439.22,2019-02-21,10:26:00,Cash,418.3,4.76,20.92,7.2,2,Quinta-feira,10,Alto,True
114-35-5271,Cairo,Mandalay,Normal,Female,Electronic accessories,57.91,8,23.16,486.44,2019-02-07,15:06:00,Cash,463.28,4.76,23.16,8.1,2,Quinta-feira,15,Muito alto,True
607-76-6216,Giza,Naypyitaw,Member,Female,Fashion accessories,92.49,5,23.12,485.57,2019-03-02,16:35:00,Credit card,462.45,4.76,23.12,8.6,3,Sábado,16,Muito alto,True
715-20-1673,Cairo,Mandalay,Normal,Male,Electronic accessories,28.38,5,7.1,149.0,2019-03-06,20:57:00,Cash,141.9,4.76,7.1,9.4,3,Quarta-feira,20,Médio,True
811-35-1094,Cairo,Mandalay,Member,Male,Electronic accessories,50.45,6,15.14,317.83,2019-02-06,15:16:00,Credit card,302.7,4.76,15.14,8.9,2,Quarta-feira,15,Alto,True
699-88-1972,Cairo,Mandalay,Normal,Male,Health and beauty,99.16,8,39.66,832.94,2019-01-28,17:47:00,Credit card,793.28,4.76,39.66,4.2,1,Segunda-feira,17,Muito alto,True
781-84-8059,Giza,Naypyitaw,Normal,Male,Fashion accessories,60.74,7,21.26,446.44,2019-01-18,16:23:00,Ewallet,425.18,4.76,21.26,5.0,1,Sexta-feira,16,Alto,True
409-49-6995,Giza,Naypyitaw,Member,Female,Food and beverages,47.27,6,14.18,297.8,2019-02-05,10:17:00,Cash,283.62,4.76,14.18,8.8,2,Terça-feira,10,Alto,True
725-54-0677,Giza,Naypyitaw,Member,Male,Health and beauty,85.6,7,29.96,629.16,2019-03-02,13:50:00,Cash,599.2,4.76,29.96,5.3,3,Sábado,13,Muito alto,True
146-09-5432,Alex,Yangon,Member,Male,Food and beverages,35.04,9,15.77,331.13,2019-02-09,19:17:00,Ewallet,315.36,4.76,15.77,4.6,2,Sábado,19,Alto,True
377-79-7592,Giza,Naypyitaw,Member,Female,Electronic accessories,44.84,9,20.18,423.74,2019-01-14,14:00:00,Credit card,403.56,4.76,20.18,7.5,1,Segunda-feira,14,Alto,True
509-10-0516,Cairo,Mandalay,Normal,Male,Home and lifestyle,45.97,4,9.19,193.07,2019-02-09,12:02:00,Ewallet,183.88,4.76,9.19,5.1,2,Sábado,12,Médio,True
595-94-9924,Alex,Yangon,Member,Female,Health and beauty,27.73,5,6.93,145.58,2019-03-26,20:21:00,Credit card,138.65,4.76,6.93,4.2,3,Terça-feira,20,Médio,True
865-41-9075,Alex,Yangon,Normal,Male,Food and beverages,11.53,7,4.04,84.75,2019-01-28,17:35:00,Cash,80.71,4.76,4.04,8.1,1,Segunda-feira,17,Baixo,True
545-07-8534,Giza,Naypyitaw,Normal,Female,Health and beauty,58.32,2,5.83,122.47,2019-02-14,12:42:00,Ewallet,116.64,4.76,5.83,6.0,2,Quinta-feira,12,Baixo,True
118-62-1812,Giza,Naypyitaw,Member,Female,Home and lifestyle,78.38,4,15.68,329.2,2019-03-24,17:56:00,Cash,313.52,4.76,15.68,7.9,3,Domingo,17,Alto,True
450-42-3339,Giza,Naypyitaw,Normal,Male,Health and beauty,84.61,10,42.3,888.4,2019-02-09,18:58:00,Credit card,846.1,4.76,42.3,8.8,2,Sábado,18,Muito alto,True
851-98-3555,Cairo,Mandalay,Normal,Female,Health and beauty,82.88,5,20.72,435.12,2019-03-24,14:08:00,Credit card,414.4,4.76,20.72,6.6,3,Domingo,14,Alto,True
186-71-5196,Alex,Yangon,Member,Female,Food and beverages,79.54,2,7.95,167.03,2019-03-27,16:30:00,Ewallet,159.08,4.76,7.95,6.2,3,Quarta-feira,16,Médio,True
624-01-8356,Cairo,Mandalay,Normal,Female,Home and lifestyle,49.01,10,24.5,514.6,2019-01-27,10:44:00,Credit card,490.1,4.76,24.5,4.2,1,Domingo,10,Muito alto,True
313-66-9943,Cairo,Mandalay,Member,Female,Food and beverages,29.15,3,4.37,91.82,2019-03-27,20:29:00,Credit card,87.45,4.76,4.37,7.3,3,Quarta-feira,20,Baixo,True
151-27-8496,Giza,Naypyitaw,Normal,Female,Electronic accessories,56.13,4,11.23,235.75,2019-01-19,11:43:00,Ewallet,224.52,4.76,11.23,8.6,1,Sábado,11,Médio,True
453-33-6436,Alex,Yangon,Normal,Female,Home and lifestyle,93.12,8,37.25,782.21,2019-02-07,10:09:00,Cash,744.96,4.76,37.25,6.8,2,Quinta-feira,10,Muito alto,True
522-57-8364,Alex,Yangon,Member,Male,Fashion accessories,51.34,8,20.54,431.26,2019-01-31,10:00:00,Ewallet,410.72,4.76,20.54,7.6,1,Quinta-feira,10,Alto,True
459-45-2396,Alex,Yangon,Member,Female,Food and beverages,99.6,3,14.94,313.74,2019-02-25,18:45:00,Cash,298.8,4.76,14.94,5.8,2,Segunda-feira,18,Alto,True
717-96-4189,Giza,Naypyitaw,Normal,Female,Electronic accessories,35.49,6,10.65,223.59,2019-02-02,12:40:00,Cash,212.94,4.76,10.65,4.1,2,Sábado,12,Médio,True
722-13-2115,Giza,Naypyitaw,Member,Male,Sports and travel,42.85,1,2.14,44.99,2019-03-14,15:36:00,Credit card,42.85,4.76,2.14,9.3,3,Quinta-feira,15,Baixo,True
749-81-8133,Alex,Yangon,Normal,Female,Fashion accessories,94.67,4,18.93,397.61,2019-03-11,12:04:00,Cash,378.68,4.76,18.93,6.8,3,Segunda-feira,12,Alto,True
777-67-2495,Cairo,Mandalay,Normal,Male,Home and lifestyle,68.97,3,10.35,217.26,2019-02-22,11:26:00,Ewallet,206.91,4.76,10.35,8.7,2,Sexta-feira,11,Médio,True
636-98-3364,Cairo,Mandalay,Member,Female,Electronic accessories,26.26,3,3.94,82.72,2019-03-02,12:36:00,Ewallet,78.78,4.76,3.94,6.3,3,Sábado,12,Baixo,True
246-55-6923,Giza,Naypyitaw,Member,Female,Home and lifestyle,35.79,9,16.11,338.22,2019-03-10,15:06:00,Credit card,322.11,4.76,16.11,5.1,3,Domingo,15,Alto,True
181-82-6255,Cairo,Mandalay,Normal,Female,Home and lifestyle,16.37,6,4.91,103.13,2019-02-08,10:58:00,Cash,98.22,4.76,4.91,7.0,2,Sexta-feira,10,Baixo,True
838-02-1821,Giza,Naypyitaw,Member,Female,Home and lifestyle,12.73,2,1.27,26.73,2019-02-22,12:10:00,Credit card,25.46,4.76,1.27,5.2,2,Sexta-feira,12,Baixo,True
887-42-0517,Giza,Naypyitaw,Normal,Female,Sports and travel,83.14,7,29.1,611.08,2019-01-10,10:31:00,Credit card,581.98,4.76,29.1,6.6,1,Quinta-feira,10,Muito alto,True
457-12-0244,Giza,Naypyitaw,Member,Female,Sports and travel,35.22,6,10.57,221.89,2019-03-14,13:49:00,Ewallet,211.32,4.76,10.57,6.5,3,Quinta-feira,13,Médio,True
226-34-0034,Cairo,Mandalay,Normal,Female,Electronic accessories,13.78,4,2.76,57.88,2019-01-10,11:10:00,Ewallet,55.12,4.76,2.76,9.0,1,Quinta-feira,11,Baixo,True
321-49-7382,Cairo,Mandalay,Member,Male,Sports and travel,88.31,1,4.42,92.73,2019-02-15,17:38:00,Credit card,88.31,4.76,4.42,5.2,2,Sexta-feira,17,Baixo,True
397-25-8725,Alex,Yangon,Member,Female,Health and beauty,39.62,9,17.83,374.41,2019-01-13,17:54:00,Credit card,356.58,4.76,17.83,6.8,1,Domingo,17,Alto,True
431-66-2305,Cairo,Mandalay,Normal,Female,Electronic accessories,88.25,9,39.71,833.96,2019-02-15,20:51:00,Credit card,794.25,4.76,39.71,7.6,2,Sexta-feira,20,Muito alto,True
825-94-5922,Cairo,Mandalay,Normal,Male,Sports and travel,25.31,2,2.53,53.15,2019-03-02,19:26:00,Ewallet,50.62,4.76,2.53,7.2,3,Sábado,19,Baixo,True
641-62-7288,Cairo,Mandalay,Normal,Male,Home and lifestyle,99.92,6,29.98,629.5,2019-03-24,13:33:00,Ewallet,599.52,4.76,29.98,7.1,3,Domingo,13,Muito alto,True
756-93-1854,Giza,Naypyitaw,Member,Female,Fashion accessories,83.35,2,8.34,175.04,2019-02-02,14:05:00,Credit card,166.7,4.76,8.34,9.5,2,Sábado,14,Médio,True
243-55-8457,Alex,Yangon,Normal,Female,Food and beverages,74.44,10,37.22,781.62,2019-02-27,11:40:00,Ewallet,744.4,4.76,37.22,5.1,2,Quarta-feira,11,Muito alto,True
458-10-8612,Giza,Naypyitaw,Normal,Male,Health and beauty,64.08,7,22.43,470.99,2019-01-20,12:27:00,Ewallet,448.56,4.76,22.43,7.6,1,Domingo,12,Alto,True
501-61-1753,Cairo,Mandalay,Normal,Female,Home and lifestyle,63.15,6,18.94,397.84,2019-01-03,20:24:00,Ewallet,378.9,4.76,18.94,9.8,1,Quinta-feira,20,Alto,True
235-06-8510,Giza,Naypyitaw,Member,Male,Home and lifestyle,85.72,3,12.86,270.02,2019-01-24,20:59:00,Ewallet,257.16,4.76,12.86,5.1,1,Quinta-feira,20,Alto,True
433-08-7822,Giza,Naypyitaw,Normal,Female,Health and beauty,78.89,7,27.61,579.84,2019-01-05,19:48:00,Ewallet,552.23,4.76,27.61,7.5,1,Sábado,19,Muito alto,True
361-85-2571,Alex,Yangon,Normal,Female,Sports and travel,89.48,5,22.37,469.77,2019-03-30,10:18:00,Cash,447.4,4.76,22.37,7.4,3,Sábado,10,Alto,True
131-70-8179,Alex,Yangon,Member,Female,Health and beauty,92.09,3,13.81,290.08,2019-02-17,16:27:00,Cash,276.27,4.76,13.81,4.2,2,Domingo,16,Alto,True
500-02-2261,Giza,Naypyitaw,Normal,Female,Food and beverages,57.29,6,17.19,360.93,2019-03-21,17:04:00,Ewallet,343.74,4.76,17.19,5.9,3,Quinta-feira,17,Alto,True
720-72-2436,Alex,Yangon,Normal,Male,Food and beverages,66.52,4,13.3,279.38,2019-03-02,18:14:00,Ewallet,266.08,4.76,13.3,6.9,3,Sábado,18,Alto,True
702-83-5291,Giza,Naypyitaw,Member,Male,Fashion accessories,99.82,9,44.92,943.3,2019-03-27,10:43:00,Cash,898.38,4.76,44.92,6.6,3,Quarta-feira,10,Muito alto,True
809-69-9497,Alex,Yangon,Normal,Female,Home and lifestyle,45.68,10,22.84,479.64,2019-01-19,19:30:00,Ewallet,456.8,4.76,22.84,5.7,1,Sábado,19,Muito alto,True
449-16-6770,Alex,Yangon,Normal,Male,Health and beauty,50.79,5,12.7,266.65,2019-02-19,14:53:00,Credit card,253.95,4.76,12.7,5.3,2,Terça-feira,14,Alto,True
333-23-2632,Alex,Yangon,Member,Male,Health and beauty,10.08,7,3.53,74.09,2019-03-28,20:14:00,Cash,70.56,4.76,3.53,4.2,3,Quinta-feira,20,Baixo,True
489-82-1237,Alex,Yangon,Normal,Female,Electronic accessories,93.88,7,32.86,690.02,2019-01-05,11:51:00,Credit card,657.16,4.76,32.86,7.3,1,Sábado,11,Muito alto,True
859-97-6048,Giza,Naypyitaw,Member,Male,Electronic accessories,84.25,2,8.43,176.92,2019-03-26,14:13:00,Credit card,168.5,4.76,8.43,5.3,3,Terça-feira,14,Médio,True
676-10-2200,Cairo,Mandalay,Member,Male,Fashion accessories,53.78,1,2.69,56.47,2019-02-03,20:13:00,Ewallet,53.78,4.76,2.69,4.7,2,Domingo,20,Baixo,True
373-88-1424,Giza,Naypyitaw,Member,Male,Home and lifestyle,35.81,5,8.95,188.0,2019-02-06,18:44:00,Ewallet,179.05,4.76,8.95,7.9,2,Quarta-feira,18,Médio,True
365-16-4334,Cairo,Mandalay,Normal,Female,Food and beverages,26.43,8,10.57,222.01,2019-02-24,14:26:00,Ewallet,211.44,4.76,10.57,8.9,2,Domingo,14,Médio,True
503-21-4385,Cairo,Mandalay,Member,Male,Health and beauty,39.91,3,5.99,125.72,2019-02-21,12:40:00,Ewallet,119.73,4.76,5.99,9.3,2,Quinta-feira,12,Médio,True
305-89-2768,Cairo,Mandalay,Member,Female,Home and lifestyle,21.9,3,3.28,68.98,2019-01-09,18:43:00,Ewallet,65.7,4.76,3.28,4.7,1,Quarta-feira,18,Baixo,True
574-80-1489,Cairo,Mandalay,Member,Female,Food and beverages,62.85,4,12.57,263.97,2019-02-25,13:22:00,Ewallet,251.4,4.76,12.57,8.7,2,Segunda-feira,13,Alto,True
784-08-0310,Giza,Naypyitaw,Member,Female,Food and beverages,21.04,4,4.21,88.37,2019-01-13,13:58:00,Cash,84.16,4.76,4.21,7.6,1,Domingo,13,Baixo,True
200-40-6154,Cairo,Mandalay,Member,Male,Home and lifestyle,65.91,6,19.77,415.23,2019-02-09,11:45:00,Cash,395.46,4.76,19.77,5.7,2,Sábado,11,Alto,True
846-10-0341,Alex,Yangon,Normal,Female,Fashion accessories,42.57,7,14.9,312.89,2019-01-06,11:51:00,Cash,297.99,4.76,14.9,6.8,1,Domingo,11,Alto,True
577-34-7579,Giza,Naypyitaw,Member,Male,Food and beverages,50.49,9,22.72,477.13,2019-01-10,17:16:00,Cash,454.41,4.76,22.72,5.4,1,Quinta-feira,17,Muito alto,True
430-02-3888,Cairo,Mandalay,Normal,Male,Electronic accessories,46.02,6,13.81,289.93,2019-02-07,15:55:00,Cash,276.12,4.76,13.81,7.1,2,Quinta-feira,15,Alto,True
867-47-1948,Giza,Naypyitaw,Normal,Female,Home and lifestyle,15.8,10,7.9,165.9,2019-01-09,12:07:00,Cash,158.0,4.76,7.9,7.8,1,Quarta-feira,12,Médio,True
384-59-6655,Alex,Yangon,Member,Female,Food and beverages,98.66,9,44.4,932.34,2019-02-19,15:07:00,Cash,887.94,4.76,44.4,8.4,2,Terça-feira,15,Muito alto,True
256-58-3609,Giza,Naypyitaw,Member,Male,Fashion accessories,91.98,1,4.6,96.58,2019-03-18,15:29:00,Cash,91.98,4.76,4.6,9.8,3,Segunda-feira,15,Baixo,True
324-92-3863,Alex,Yangon,Member,Male,Electronic accessories,20.89,2,2.09,43.87,2019-02-05,18:45:00,Cash,41.78,4.76,2.09,9.8,2,Terça-feira,18,Baixo,True
593-08-5916,Alex,Yangon,Normal,Female,Fashion accessories,15.5,1,0.78,16.27,2019-03-19,15:23:00,Credit card,15.5,4.76,0.78,7.4,3,Terça-feira,15,Baixo,True
364-34-2972,Giza,Naypyitaw,Member,Male,Electronic accessories,96.82,3,14.52,304.98,2019-03-30,20:37:00,Cash,290.46,4.76,14.52,6.7,3,Sábado,20,Alto,True
794-42-3736,Cairo,Mandalay,Normal,Male,Food and beverages,33.33,2,3.33,69.99,2019-01-26,14:41:00,Credit card,66.66,4.76,3.33,6.4,1,Sábado,14,Baixo,True
172-42-8274,Cairo,Mandalay,Normal,Female,Electronic accessories,38.27,2,3.83,80.37,2019-03-02,18:18:00,Credit card,76.54,4.76,3.83,5.8,3,Sábado,18,Baixo,True
558-60-5016,Alex,Yangon,Normal,Female,Home and lifestyle,33.3,9,14.98,314.68,2019-03-04,15:27:00,Ewallet,299.7,4.76,14.98,7.2,3,Segunda-feira,15,Alto,True
195-06-0432,Alex,Yangon,Member,Male,Home and lifestyle,81.01,3,12.15,255.18,2019-01-13,12:55:00,Credit card,243.03,4.76,12.15,9.3,1,Domingo,12,Alto,True
605-03-2706,Alex,Yangon,Normal,Female,Health and beauty,15.8,3,2.37,49.77,2019-03-25,18:02:00,Cash,47.4,4.76,2.37,9.5,3,Segunda-feira,18,Baixo,True
214-30-2776,Cairo,Mandalay,Member,Female,Electronic accessories,34.49,5,8.62,181.07,2019-03-11,19:44:00,Credit card,172.45,4.76,8.62,9.0,3,Segunda-feira,19,Médio,True
746-04-1077,Cairo,Mandalay,Member,Female,Food and beverages,84.63,10,42.32,888.62,2019-01-01,11:36:00,Credit card,846.3,4.76,42.32,9.0,1,Terça-feira,11,Muito alto,True
448-34-8700,Cairo,Mandalay,Member,Male,Home and lifestyle,36.91,7,12.92,271.29,2019-02-10,13:51:00,Ewallet,258.37,4.76,12.92,6.7,2,Domingo,13,Alto,True
452-04-8808,Cairo,Mandalay,Normal,Male,Electronic accessories,87.08,7,30.48,640.04,2019-01-26,15:17:00,Cash,609.56,4.76,30.48,5.5,1,Sábado,15,Muito alto,True
531-56-4728,Alex,Yangon,Normal,Male,Home and lifestyle,80.08,3,12.01,252.25,2019-02-11,15:29:00,Cash,240.24,4.76,12.01,5.4,2,Segunda-feira,15,Médio,True
744-82-9138,Giza,Naypyitaw,Normal,Male,Fashion accessories,86.13,2,8.61,180.87,2019-02-07,17:59:00,Cash,172.26,4.76,8.61,8.2,2,Quinta-feira,17,Médio,True
883-69-1285,Cairo,Mandalay,Member,Male,Fashion accessories,49.92,2,4.99,104.83,2019-03-06,11:55:00,Credit card,99.84,4.76,4.99,7.0,3,Quarta-feira,11,Baixo,True
221-25-5073,Alex,Yangon,Normal,Female,Food and beverages,74.66,4,14.93,313.57,2019-03-04,10:39:00,Cash,298.64,4.76,14.93,8.5,3,Segunda-feira,10,Alto,True
518-71-6847,Cairo,Mandalay,Member,Male,Food and beverages,26.6,6,7.98,167.58,2019-02-26,15:10:00,Ewallet,159.6,4.76,7.98,4.9,2,Terça-feira,15,Médio,True
156-20-0370,Cairo,Mandalay,Normal,Female,Electronic accessories,25.45,1,1.27,26.72,2019-03-10,18:10:00,Credit card,25.45,4.76,1.27,5.1,3,Domingo,18,Baixo,True
151-33-7434,Cairo,Mandalay,Normal,Female,Food and beverages,67.77,1,3.39,71.16,2019-02-04,20:43:00,Credit card,67.77,4.76,3.39,6.5,2,Segunda-feira,20,Baixo,True
728-47-9078,Giza,Naypyitaw,Member,Male,Food and beverages,59.59,4,11.92,250.28,2019-01-19,12:46:00,Cash,238.36,4.76,11.92,9.8,1,Sábado,12,Médio,True
809-46-1866,Alex,Yangon,Normal,Male,Health and beauty,58.15,4,11.63,244.23,2019-01-23,17:44:00,Cash,232.6,4.76,11.63,8.4,1,Quarta-feira,17,Médio,True
139-32-4183,Alex,Yangon,Member,Female,Sports and travel,97.48,9,43.87,921.19,2019-03-14,14:19:00,Ewallet,877.32,4.76,43.87,7.4,3,Quinta-feira,14,Muito alto,True
148-41-7930,Giza,Naypyitaw,Normal,Male,Health and beauty,99.96,7,34.99,734.71,2019-01-23,10:33:00,Cash,699.72,4.76,34.99,6.1,1,Quarta-feira,10,Muito alto,True
189-40-5216,Giza,Naypyitaw,Normal,Male,Electronic accessories,96.37,7,33.73,708.32,2019-01-09,11:40:00,Cash,674.59,4.76,33.73,6.0,1,Quarta-feira,11,Muito alto,True
374-38-5555,Cairo,Mandalay,Normal,Female,Fashion accessories,63.71,5,15.93,334.48,2019-02-07,19:30:00,Ewallet,318.55,4.76,15.93,8.5,2,Quinta-feira,19,Alto,True
764-44-8999,Cairo,Mandalay,Normal,Female,Health and beauty,14.76,2,1.48,31.0,2019-02-18,14:42:00,Ewallet,29.52,4.76,1.48,4.3,2,Segunda-feira,14,Baixo,True
552-44-5977,Cairo,Mandalay,Member,Male,Health and beauty,62.0,8,24.8,520.8,2019-01-03,19:08:00,Credit card,496.0,4.76,24.8,6.2,1,Quinta-feira,19,Muito alto,True
267-62-7380,Giza,Naypyitaw,Member,Male,Electronic accessories,82.34,10,41.17,864.57,2019-03-29,19:12:00,Ewallet,823.4,4.76,41.17,4.3,3,Sexta-feira,19,Muito alto,True
430-53-4718,Cairo,Mandalay,Member,Male,Health and beauty,75.37,8,30.15,633.11,2019-01-28,15:46:00,Credit card,602.96,4.76,30.15,8.4,1,Segunda-feira,15,Muito alto,True
886-18-2897,Alex,Yangon,Normal,Female,Food and beverages,56.56,5,14.14,296.94,2019-03-22,19:06:00,Credit card,282.8,4.76,14.14,4.5,3,Sexta-feira,19,Alto,True
602-16-6955,Cairo,Mandalay,Normal,Female,Sports and travel,76.6,10,38.3,804.3,2019-01-24,18:10:00,Ewallet,766.0,4.76,38.3,6.0,1,Quinta-feira,18,Muito alto,True
745-74-0715,Alex,Yangon,Normal,Male,Electronic accessories,58.03,2,5.8,121.86,2019-03-10,20:46:00,Ewallet,116.06,4.76,5.8,8.8,3,Domingo,20,Baixo,True
690-01-6631,Cairo,Mandalay,Normal,Male,Fashion accessories,17.49,10,8.74,183.64,2019-02-22,18:35:00,Ewallet,174.9,4.76,8.74,6.6,2,Sexta-feira,18,Médio,True
652-49-6720,Giza,Naypyitaw,Member,Female,Electronic accessories,60.95,1,3.05,64.0,2019-02-18,11:40:00,Ewallet,60.95,4.76,3.05,5.9,2,Segunda-feira,11,Baixo,True
233-67-5758,Giza,Naypyitaw,Normal,Male,Health and beauty,40.35,1,2.02,42.37,2019-01-29,13:46:00,Ewallet,40.35,4.76,2.02,6.2,1,Terça-feira,13,Baixo,True
303-96-2227,Cairo,Mandalay,Normal,Female,Home and lifestyle,97.38,10,48.69,1022.49,2019-03-02,17:16:00,Ewallet,973.8,4.76,48.69,4.4,3,Sábado,17,Muito alto,True
727-02-1313,Alex,Yangon,Member,Male,Food and beverages,31.84,1,1.59,33.43,2019-02-09,13:22:00,Cash,31.84,4.76,1.59,7.7,2,Sábado,13,Baixo,True
347-56-2442,Alex,Yangon,Normal,Male,Home and lifestyle,65.82,1,3.29,69.11,2019-02-22,15:33:00,Cash,65.82,4.76,3.29,4.1,2,Sexta-feira,15,Baixo,True
849-09-3807,Alex,Yangon,Member,Female,Fashion accessories,88.34,7,30.92,649.3,2019-02-18,13:28:00,Cash,618.38,4.76,30.92,6.6,2,Segunda-feira,13,Muito alto,True
